Program name,Program Page url
Bachelor of Science in Applied Mathematics,https://undergrad.admissions.columbia.edu/academics/engineering/majors
Bachelor of Science in Applied Physics,https://undergrad.admissions.columbia.edu/academics/engineering/majors
Bachelor of Science in Biomedical Engineering,https://undergrad.admissions.columbia.edu/academics/engineering/majors
Bachelor of Science in Chemical Engineering,https://undergrad.admissions.columbia.edu/academics/engineering/majors
Bachelor of Science in Civil Engineering,https://undergrad.admissions.columbia.edu/academics/engineering/majors
Bachelor of Science in Computer Engineering,https://undergrad.admissions.columbia.edu/academics/engineering/majors
Bachelor of Science in Computer Science,https://undergrad.admissions.columbia.edu/academics/engineering/majors
Bachelor of Science in Earth and Environmental Engineering,https://undergrad.admissions.columbia.edu/academics/engineering/majors
Bachelor of Science in Electrical Engineering,https://undergrad.admissions.columbia.edu/academics/engineering/majors
Bachelor of Science in Engineering Management Systems,https://undergrad.admissions.columbia.edu/academics/engineering/majors
Bachelor of Science in Engineering Mechanics,https://undergrad.admissions.columbia.edu/academics/engineering/majors
Bachelor of Science in Financial Engineering,https://undergrad.admissions.columbia.edu/academics/engineering/majors
Bachelor of Science in Industrial Engineering,https://undergrad.admissions.columbia.edu/academics/engineering/majors
Bachelor of Science in Materials Science and Engineering,https://undergrad.admissions.columbia.edu/academics/engineering/majors
Bachelor of Science in Mechanical Engineering,https://undergrad.admissions.columbia.edu/academics/engineering/majors
Bachelor of Science in Operations Research,https://undergrad.admissions.columbia.edu/academics/engineering/majors
Minor in Aerospace Engineering,https://undergrad.admissions.columbia.edu/academics/engineering/majors
Minor in Applied Mathematics,https://undergrad.admissions.columbia.edu/academics/engineering/majors
Minor in Applied Physics,https://undergrad.admissions.columbia.edu/academics/engineering/majors
Minor in Artificial Intelligence,https://undergrad.admissions.columbia.edu/academics/engineering/majors
Minor in Biomedical Engineering,https://undergrad.admissions.columbia.edu/academics/engineering/majors
Minor in Chemical Engineering,https://undergrad.admissions.columbia.edu/academics/engineering/majors
Minor in Civil Engineering,https://undergrad.admissions.columbia.edu/academics/engineering/majors
Minor in Computer Science,https://undergrad.admissions.columbia.edu/academics/engineering/majors
Minor in Earth and Environmental Engineering,https://undergrad.admissions.columbia.edu/academics/engineering/majors
Minor in Electrical Engineering,https://undergrad.admissions.columbia.edu/academics/engineering/majors
Minor in Engineering Mechanics,https://undergrad.admissions.columbia.edu/academics/engineering/majors
Minor in Entrepreneurship and Innovation,https://undergrad.admissions.columbia.edu/academics/engineering/majors
Minor in Industrial Engineering,https://undergrad.admissions.columbia.edu/academics/engineering/majors
Minor in Materials Science,https://undergrad.admissions.columbia.edu/academics/engineering/majors
Minor in Mechanical Engineering,https://undergrad.admissions.columbia.edu/academics/engineering/majors
Minor in Mining Engineering,https://undergrad.admissions.columbia.edu/academics/engineering/majors
Minor in Operations Research,https://undergrad.admissions.columbia.edu/academics/engineering/majors
Minor in Sustainable Engineering,https://undergrad.admissions.columbia.edu/academics/engineering/majors
