Resume,StatementOfPurpose,Requirements,WritingSample,IsAnalyticalNotRequired,IsAnalyticalOptional,IsStemProgram,IsACTRequired,IsSATRequired,MinimumACTScore,MinimumSATScore,extraction_level,Program name,Program Page url,IsRecommendationSystemOpted,error
Not Required,Not Required,"Admission to the minor is by portfolio review and faculty interview only. To be considered for admission, students must be in good academic standing and have a minimum 2.0 cumulative GPA. No additional materials are required other than the portfolio. Application forms and deadlines are available in the Cinematic Arts Student Services Office, SCA 120. Note: Admission to all Cinematic Arts minors is on a competitive basis.",Not Required,True,False,False,False,False,,,program,3-D Animation in Cinematic Arts Minor,https://catalogue.usc.edu/content.php?catoid=18&navoid=7464,,
,,,,True,False,False,False,False,,,program,3-Dimensional Design Minor,https://catalogue.usc.edu/content.php?catoid=11&navoid=3429&p2339=2&print=&expand=1,,
Not Required,Not Required,,Not Required,True,False,False,False,False,,,program,Accounting Minor,https://catalogue.usc.edu/content.php?catoid=18&navoid=7464,,
Not Required,Not Required,,Not Required,True,False,False,False,False,,,program,Addiction Science Minor,https://catalogue.usc.edu/preview_program.php?catoid=12&poid=16590,,
,,"Open to all USC undergraduates. Students interested in applying for this minor must have a minimum 2.5 USC GPA. Enrollment is limited, and students must apply through the Annenberg School for Communication and Journalism. Students interested in applying for this minor must apply online. Applications for fall admission are due on May 15, and applications for spring admission are due on December 15. Students interested in applying should contact their home department advisor, then schedule an appointment with an Annenberg academic advisor.",,True,False,False,False,False,,,program,Advertising Minor,https://annenberg.usc.edu/academics/minors,,
,,,,True,False,False,,,,,program,African American Studies,https://dornsife.usc.edu/ase/undergraduate/,,
,,,,,,,,,,,error,American Studies and Ethnicity,https://catalogue.usc.edu/content.php?catoid=18&navoid=7464,,"Invalid operation: The `response.text` quick accessor requires the response to contain a valid `Part`, but none were returned. The candidate's [finish_reason](https://ai.google.dev/api/generate-content#finishreason) is 12."
Required,Required,"The department is seeking applicants with a strong academic background, a clear sense of purpose, and intellectual maturity. In addition to meeting the university requirements for graduate admission, applicants must submit the following: Official Transcripts from all colleges and universities attended, Statement of Purpose, Three letters of recommendation, Writing Sample (e.g., a term paper, thesis chapter, or professional paper on a topic related to the applicant's research interests. Minimum 15 pages in length.) and Curriculum Vitae (CV). GRE scores are not required for admission to the Anthropology Ph.D. program.",Required,True,True,False,False,False,,,program,Anthropology (Visual Anthropology),https://catalogue.usc.edu/content.php?catoid=18&navoid=7464,,
,,,,True,False,False,False,False,,,program,Asian American Studies,https://catalogue.usc.edu/content.php?catoid=18&navoid=7464,,
,,A minimum of 20 units is required for the minor. All courses must be taken for a letter grade. All students must have a minimum cumulative GPA of 2.0 in the courses taken for the minor. Courses applied to the minor may not be taken on a pass/no pass basis. All minor coursework must be taken at USC.,,True,False,False,False,False,,,program,Behavioral Economics and Psychology,https://catalogue.usc.edu/content.php?catoid=18&navoid=7464,,
Not Required,Required,"To apply for the USC DPT program, you must complete the USC Graduate Application and the Physical Therapist Centralized Application Service (PTCAS) application. These applications are separate and require different materials and deadlines. Required Application Materials include: Official transcripts from all colleges and universities attended; Three letters of recommendation; GRE scores are NOT required for the 2024 application cycle; TOEFL or IELTS scores (for international applicants); Personal Statement; Observation Hours Verification (at least 150 hours of physical therapy observation, volunteer, or work experience, completed in at least two different settings, one of which must be inpatient and one outpatient. All hours must be verified.); USC Graduate Application.",Not Required,True,False,False,False,False,,,program,Biokinesiology and Physical Therapy,https://en.wikipedia.org/wiki/USC_Division_of_Biokinesiology_and_Physical_Therapy,,
,Required,"Applicants must submit materials both to USC and to the department. The Graduate Record Examinations (GRE) general test is required. Additional required documents for graduate admission include a Statement of Purpose, Letters of Recommendation, and Transcripts. Official GRE scores must be submitted directly to USC from ETS, institution code 4852. International applicants must also satisfy English proficiency requirements.",Not Required,False,False,False,False,False,,,program,Biophysics,https://catalogue.usc.edu/content.php?catoid=18&navoid=7464,,
,Required,"Applications are accepted for fall admission only. All applicants must meet the general admission requirements of the USC Graduate School. In addition to these requirements, applicants must submit: a statement of purpose, a writing sample (15-25 pages), letters of recommendation (3), official transcripts from all post-secondary institutions attended, GRE General Test scores (optional).",Required,True,True,False,False,False,,,program,Central European Studies,https://catalogue.usc.edu/content.php?catoid=18&navoid=7464,,
Not Required,Required,"Applicants must submit either the Common Application or Coalition Application, which includes essay prompts, along with the USC Writing Supplement. Required documents include official high school transcripts, a counselor recommendation, and a teacher recommendation. Standardized test scores (SAT/ACT) are optional for the 2024, 2025, and 2026 application cycles. Additional financial aid documents are required for those applying for financial assistance.",Required,True,True,False,False,False,,,program,Chicano/Latino Studies,https://dornsife.usc.edu/ase/bachelor-of-arts-chicano-latino-studies/,,
Required,Required,"Applicants to the MA in Computational Linguistics program are expected to have a bachelor's degree in linguistics, computer science, or a related field. Students from other backgrounds will be considered if they have completed substantial coursework in linguistics or computer science, as well as a demonstrated interest in the field. Applicants must submit the following materials: Official transcripts from all universities attended, Statement of purpose, Three letters of recommendation, GRE General Test scores (optional), Resume or curriculum vitae, A writing sample (optional), International applicants must also submit TOEFL or IELTS scores. See the USC Graduate Admission website for additional information regarding minimum scores. Specific requirements: A bachelor’s degree from an accredited institution. A minimum undergraduate GPA of 3.0. A strong academic record, particularly in linguistics, computer science, mathematics, or related fields. Background in basic programming and data structures is desirable. Background in formal linguistics (syntax, semantics, phonology) is desirable.",Not Required,True,True,False,False,False,,,program,Computational Linguistics,https://catalogue.usc.edu/preview_program.php?catoid=8&poid=8153&hl=linguistic&returnto=search,,
,,,,True,False,False,False,False,,,program,Computational Neuroscience,https://catalogue.usc.edu/preview_degree_planner.php?catoid=6&poid=5372&print,,
Required,Required,"Applicants for the M.A. in Contemporary Latino and Latin American Studies are expected to have a bachelor’s degree from an accredited institution. Applicants must submit the following:

Online application
Transcripts from all colleges and universities attended
A statement of purpose (1,000–1,500 words). The statement of purpose should explain how the applicant’s academic and professional experiences have prepared them for graduate study in Contemporary Latino and Latin American Studies, and how this program will help them achieve their future goals.
Three letters of recommendation from faculty members or others qualified to evaluate the applicant’s academic and professional potential.
A writing sample (20–25 pages). The writing sample should be an academic paper, preferably one that focuses on topics related to the CLALS program.
GRE General Test scores are not required.
A current résumé or curriculum vitae (CV).

International applicants must submit a score of 90 on the TOEFL or 6.5 on the IELTS. For a list of eligible exemptions, please see the USC Graduate Admissions website: gradadm.usc.edu.",Required,True,False,False,False,False,,,program,Contemporary Latino and Latin American Studies,https://catalogue.usc.edu/preview_program.php?catoid=8&poid=8103,,
Required,Required,"Required Application Materials: Official transcripts from all institutions attended, Résumé/CV, Statement of Purpose, Three letters of recommendation, GRE scores (Optional for Fall 2024 and Spring 2025 applicants), Proof of English proficiency (TOEFL, IELTS, or PTE) for international applicants.",Not Required,False,True,True,False,False,,,program,Data Science Program,https://catalogue.usc.edu/content.php?catoid=18&navoid=7464,,
Not Required,Required,"A complete application includes: Your application, including essays, short answers and activities list. Official high school transcripts. Optional: Standardized Test Scores (SAT/ACT). Letters of Recommendation (not required but recommended).",Required,True,True,True,False,False,,,program,Economics and Data Science,https://catalogue.usc.edu/content.php?catoid=18&navoid=7464,,
,,,,True,False,True,False,False,,,program,Economics/Mathematics,https://catalogue.usc.edu/content.php?catoid=18&navoid=7464,,
Not Required,Required,"The Common Application or Coalition Application, USC Writing Supplement, Official High School Transcripts, SAT or ACT scores, Letters of Recommendation (up to 2).",Required,True,False,True,True,True,,,program,Environmental Science and Health,https://dornsife.usc.edu/environmental-studies/environmental-science-and-health-major/,,
Required,Required,"Applicants must complete the USC Undergraduate Application (Common Application or Coalition Application), including the USC Writing Supplement (short answer questions, an essay of about 250 words, and a list of activities and honors). Official transcripts and one letter of recommendation from a counselor or teacher are required. SAT or ACT scores are optional for Fall 2023 and Fall 2024 applicants. Additionally, for the Film & Television Production program, supplemental materials must be submitted through SlideRoom, which include a Creative Introduction (90-second video), a Visual Sample, a Written Sample (maximum 5 pages), and a list of creative work.",Required,True,False,False,False,False,,,program,Film & Television Production,https://catalogue.usc.edu/content.php?catoid=18&navoid=7464,,
Not Required,Required,"Common Application; USC Writing Supplement; Counselor recommendation and school report; Teacher recommendation; High school transcript(s); SAT or ACT scores (optional for 2024, 2025, 2026 application cycles); Mid-year senior year transcript (if available)",Not Required,True,False,False,False,False,,,program,French,https://catalogue.usc.edu/content.php?catoid=18&navoid=7464,,
Not Required,Not Required,,Not Required,True,False,False,False,False,,,program,French and Italian,https://catalogue.usc.edu/content.php?catoid=16&navoid=6200,,
Not Required,Required,"All applicants must apply online through the Common Application. Applicants should submit high school transcripts for all high school work, standardized test scores (if they wish), essays and letters of recommendation. Specific majors may require additional materials.",Not Required,True,True,False,False,False,,,program,Gender and Sexuality Studies,https://catalogue.usc.edu/content.php?catoid=18&navoid=7464,,
,,,,False,False,False,False,False,,,program,Geodesign,https://earth.rowan.edu/departments/geography/academics/gis.html,,
Required,Required,"Applicants for the MS and PhD degrees are expected to have a bachelor’s degree in geological sciences or a related field (e.g., biology, chemistry, computer science, engineering, environmental sciences, mathematics, or physics). All applicants are required to submit a statement of purpose, a current resume or curriculum vitae, and three letters of recommendation. The GRE General Test is not required. International applicants must also satisfy the English proficiency requirements specified in the Graduate and Postdoctoral Scholar Programs Bulletin.",Not Required,True,False,False,False,False,,,program,Geological Sciences,https://catalogue.usc.edu/preview_program.php?catoid=14&poid=16822,,
Required,Required,"Online Application, Application Fee, Transcripts, GRE General Test: Not Required, Resume/CV: Required, Statement of Purpose: Required, Letters of Recommendation: Required (3 letters), Writing Sample: Not Required, Portfolio: Optional, English Proficiency: Required for international students (TOEFL, IELTS, PTE).",Not Required,True,False,False,False,False,,,program,Global Geodesign,https://catalogue.usc.edu/content.php?catoid=18&navoid=7464,,
,,,,True,False,False,False,False,,,program,Health and Humanity,https://catalogue.usc.edu/preview_program.php?catoid=8&poid=7492,,
Not Required,Required,"First-year applicants must submit: Common Application; the USC Writing Supplement, which includes several short answer questions and two short essays; a Counselor Recommendation; a Teacher Recommendation; official High School Transcript; and Mid-Year Grades. Standardized Test Scores (SAT/ACT) are optional for fall 2024 and fall 2025 first-year applicants. A Portfolio or Audition may be required for specific majors.",Required,True,False,False,False,False,,,program,Health and Human Sciences,https://catalogue.usc.edu/content.php?catoid=18&navoid=7464,,
Not Required,Required,"Admission to the USC Rossier School of Education is a highly selective process. The admissions committee considers many factors in evaluating candidates, including academic record, test scores, letters of recommendation, statement of purpose, and professional experience. All applicants are required to possess a bachelor’s degree from an accredited institution. Applicants must also meet the minimum requirements for admission to the USC Graduate School. Required documents include: Application for Admission, Statement of Purpose, Letters of Recommendation, Transcripts, GRE (Graduate Record Examinations) Scores, English Proficiency (for international students), California Basic Educational Skills Test (CBEST), California Subject Examinations for Teachers (CSET), U.S. Citizenship (if applicable).",Not Required,False,False,False,False,False,,,program,History and Social Science Education,https://catalogue.usc.edu/content.php?catoid=18&navoid=7464,,
,,,,True,False,False,False,False,,,program,Human Biology,https://catalogue.usc.edu/content.php?catoid=18&navoid=7464,,
,Required,Applications are accepted for fall and spring semester admission. See here for a list of application deadlines. All applicants must have a bachelor’s degree from an accredited institution. Applicants must submit official transcripts from all institutions attended. A minimum undergraduate GPA of 3.0 is required. Applicants must also submit a statement of purpose and three letters of recommendation. GRE scores are not required for admission to the Human Security and Geospatial Intelligence program. An interview may be required.,,True,False,True,False,False,,,program,Human Security and Geospatial Intelligence,https://catalogue.usc.edu/content.php?catoid=18&navoid=7464,,
Required,Required,"In addition to the requirements of the Graduate School, applicants must submit: The GRE General Test is required. Students who have a graduate degree from a U.S. institution or who are currently enrolled in a PhD program at USC are exempt from the GRE requirement. An average GRE score for admitted students is 155 verbal, 160 quantitative and 3.5 analytical writing. Only scores submitted electronically from ETS will be accepted. USC’s ETS institution code is 4852. Three letters of recommendation are required from faculty or supervisors. A resume is required. A statement of purpose is required. Official transcripts from all universities attended. Applicants whose native language is not English must submit scores for either the TOEFL or IELTS. See the USC Graduate Admission website for minimum score requirements.",,False,False,True,False,False,,,program,Industrial and Systems Engineering,https://catalogue.usc.edu/preview_entity.php?catoid=8&ent_oid=1784,,
Required,Required,Application for Graduate Admission; Transcripts; Letters of Recommendation (3 required); GRE Scores (optional for Fall 2024 and Fall 2025 applications); English Proficiency (TOEFL or IELTS); Resume/CV (Required); Statement of Purpose (Required).,Not Required,True,True,True,False,False,,,program,Intelligence and Cyber Operations,https://tac.usc.edu/academics/cyberops/,,
Required,Required,"Online Application, Official Transcripts, Letters of Recommendation (3 required), Statement of Purpose, GRE General Test (optional for Fall 2024 applicants), English Language Proficiency (international applicants), CV/Resume",Not Required,True,True,False,False,False,,,program,International Relations (Global Business),https://catalogue.usc.edu/preview_entity.php?catoid=12&ent_oid=2520,,
Not Required,Not Required,"Admission to the graduate programs in International Relations and the Global Economy requires a bachelor’s degree, a strong undergraduate record, and three letters of recommendation. The program requires satisfactory scores on the Graduate Record Examinations (GRE) General Test. USC international graduate applicants are also required to submit scores on the Test of English as a Foreign Language (TOEFL) or International English Language System (IELTS) exam.",Not Required,False,False,False,False,False,,,program,International Relations and the Global Economy,https://catalogue.usc.edu/content.php?catoid=18&navoid=7464,,
Not Required,Required,"Common Application; USC Questions; High School Transcripts; Test Scores (SAT or ACT) — Optional for Fall 2024 Applicants; Recommendations; Portfolio, slide room, or audition (if applicable); Financial Aid Application",Not Required,True,True,False,False,False,,,program,Italian,https://dornsife.usc.edu/fren-ital/italian-undergraduate-program/,,
Not Required,Required,"Common Application, USC Writing Supplement, High School Transcript, SAT or ACT scores (if submitted), Letter(s) of Recommendation, School Report, Mid-Year Report (if available)",Required,True,False,False,False,False,,,program,Jewish Studies,https://catalogue.usc.edu/preview_entity.php?catoid=8&ent_oid=1736,,
,Required,"Application to the doctoral program requires a bachelor’s degree, a superior academic record, and a statement of purpose. It also requires submission of a writing sample, three letters of recommendation, and official transcripts from all colleges and universities attended. All international applicants must submit an official Test of English as a Foreign Language (TOEFL) or International English Language Testing System (IELTS) score, unless they are exempt from the requirement.",Required,True,True,False,False,False,,,program,Latin American and Iberian Cultures,https://catalogue.usc.edu/content.php?catoid=12&navoid=4130,,
,,All students must complete the USC Core and satisfy a foreign language requirement at USC. See general requirements for undergraduate degrees.,,False,False,False,False,False,,,program,"Latin American and Iberian Cultures, Media and Politics",https://catalogue.usc.edu/preview_program.php?catoid=8&poid=8194,,
,,"Common Application, USC Writing Supplement, Counselor Recommendation, Teacher Recommendation, Transcripts. Standardized Test Scores (SAT/ACT) are not required for fall 2023, fall 2024 and fall 2025 applicants. Students who do not submit scores will not be disadvantaged in the admission process. Scores are required for some merit scholarship programs.",Required,True,True,False,False,False,,,program,"Law, History and Culture",https://catalogue.usc.edu/preview_program.php?catoid=8&poid=7495,,
,Required,"Admission to graduate programs in Materials Science requires a bachelor’s degree in science or engineering. Students applying for admission should submit a complete application as described in the Viterbi Graduate School of Engineering section of this catalogue. All applicants must submit GRE General Test scores, official transcripts of all college work, letters of recommendation, and a statement of purpose. International applicants must also submit TOEFL or IELTS scores. Applications are due December 15 for fall admission and September 15 for spring admission.",,False,False,True,False,False,,,program,Materials Science,https://catalogue.usc.edu/content.php?catoid=18&navoid=7464,,
Not Required,Not Required,,Not Required,True,False,False,False,False,,,program,Queers Arts and Culture Minor,https://dornsife.usc.edu/genderstudies/undergraduate-education/,,
,,,,True,False,False,False,False,,,program,"Race, Ethnicity, and Politics Minor",https://catalogue.usc.edu/preview_degree_planner.php?catoid=2&poid=1292&print,,
,Required,"Admission to the doctoral program in Religion requires evidence of superior academic ability and preparation. While most successful applicants will have an M.A. in Religious Studies, candidates with a strong B.A. or with an M.A. in a related field will be considered. For admission to the PhD program, the following are required: completed online application, statement of purpose (1,000–1,500 words), academic writing sample (20–30 pages), official transcripts from all post-secondary institutions attended, three letters of recommendation, official Graduate Record Examinations (GRE) scores (verbal, quantitative, and analytical writing), and international applicants must submit official scores from the Test of English as a Foreign Language (TOEFL) or International English Language Testing System (IELTS).",Required,False,False,False,False,False,,,program,Religion,https://catalogue.usc.edu/content.php?catoid=8&navoid=2270,,
Not Required,Not Required,,Not Required,True,False,False,False,False,,,program,"Renaissance, Early Modern, and Reformation Studies Minor",https://catalogue.usc.edu/preview_program.php?catoid=11&poid=10597,,
,,,,True,False,False,False,False,,,program,Russian Minor,https://catalogue.usc.edu/content.php?catoid=18&navoid=7464,,
Not Required,Not Required,,Not Required,True,False,False,False,False,,,program,"Science, Technology, and Society Minor",https://catalogue.usc.edu/preview_degree_planner.php?catoid=2&poid=1325&print,,
,,,,True,False,False,False,False,,,program,Spanish,https://catalogue.usc.edu/preview_entity.php?catoid=14&ent_oid=2942,,
,,,,True,False,False,False,False,,,program,Thematic Approaches to Culture Minor,https://catalogue.usc.edu/content.php?catoid=18&navoid=7464,,
,,,,True,False,False,False,False,,,program,Visual Culture Minor,https://catalogue.usc.edu/preview_program.php?catoid=8&poid=7385&returnto=2401,,
Not Required,Not Required,,Not Required,True,False,False,False,False,,,program,Web Technologies and Applications Minor,https://catalogue.usc.edu/content.php?catoid=14&navoid=5200&print=&expand=1,,
Not Required,Not Required,"Applicants for undergraduate programs at USC, including the Bachelor of Science in Accounting, must submit the Common Application with the USC Writing Supplement, official high school transcripts, a counselor recommendation, a teacher recommendation, and a Mid-Year Report. Standardized test scores (ACT or SAT) are optional for students applying for Fall 2024 and Fall 2025 admission. The USC Marshall School of Business does not require supplemental essays, letters of recommendation, portfolios, or interviews.",Not Required,True,True,True,False,False,,,program,Bachelor of Science in Accounting,https://catalogue.usc.edu/content.php?catoid=18&navoid=7464,,
Not Required,Required,"All applicants must submit the Common Application, which includes the Common Application essay and the USC Writing Supplement (additional essays). Official transcripts from all secondary schools attended, and a letter of recommendation from a counselor and/or teacher are required. Standardized test scores (SAT/ACT) are optional for Fall 2024 and Fall 2025 applicants. International students whose native language is not English must also submit TOEFL, IELTS, or PTE Academic scores.",Not Required,True,True,True,False,False,,,program,Bachelor of Science in Accounting and Finance,https://catalogue.usc.edu/preview_program.php?catoid=21&poid=30709,,
Required,Required,"Applicants to the School of Dramatic Arts must apply through the Common Application. The required Application Supplement (via SlideRoom) is included within the Common Application. Once you have initiated your Common Application, you will receive information on how to access the SlideRoom Supplement, including instructions, requirements and deadlines. Applications are reviewed holistically, with emphasis placed on auditions, academic history, essays, letters of recommendation, and overall potential. All applicants must submit official transcripts. All applicants are highly encouraged to submit official standardized test scores (SAT/ACT) as part of their application. You will submit two letters of recommendation: one academic and one artistic. Required: Headshot, theatre resume (or resume of experience). Audition: Applicants will be considered for a live audition after the submission of the application. More details are available in the SlideRoom application. All applicants invited to audition will receive an email with specific audition requirements, date and time slots.",Not Required,True,True,False,False,False,,,program,"Bachelor of Fine Arts in Acting, Stage and Screen",https://catalogue.usc.edu/content.php?catoid=18&navoid=7464,,
Not Required,Required,"To apply as a first-year student, applicants must submit the Common Application and USC Writing Supplement (which includes a personal essay and USC-specific short answer questions), Official High School Transcripts, and two Letters of Recommendation (one from a school counselor and one from a teacher in a core academic subject). Submission of SAT or ACT scores is optional for Fall 2024 first-year applicants. Portfolios are only required for specific majors and are not required for Aerospace Engineering.",Required,True,True,True,False,False,,,program,Bachelor of Science in Aerospace Engineering,https://catalogue.usc.edu/content.php?catoid=18&navoid=7464,,
,,,,,,False,False,False,,,program,Bachelor of Arts in American Popular Culture,https://catalogue.usc.edu/content.php?catoid=18&navoid=7464,,
Not Required,Required,"Submit the Common Application (including the USC Writing Supplement), official transcripts, the School Report and Counselor Recommendation, and one Teacher Recommendation (optional for Fall 2024, not needed for Spring 2025). SAT or ACT scores are optional for Fall 2025 applicants.",Required,True,False,False,False,False,,,program,Bachelor of Science in Medical Laboratory Science,https://catalogue.usc.edu/content.php?catoid=12&navoid=4086,,
Not Required,Required,"First-year applicants submit: Common Application with USC Writing Supplement, Transcripts, Letters of Recommendation, and Standardized Test Scores (optional for Fall 2023 & Fall 2024).",Not Required,True,True,False,False,False,,,program,Bachelor of Arts in Narrative Studies,https://catalogue.usc.edu/content.php?catoid=18&navoid=7464,,
Not Required,Required,"To apply to USC, you must submit the following items:
*   Common Application
*   USC Writing Supplement (part of the Common App)
    *   One 250-word short answer question
    *   Two 250-word short answer questions specific to USC
*   High School Transcript
*   Counselor Recommendation
*   Teacher Recommendation
*   Mid-Year Report (if available)",Required,True,True,True,False,False,,,program,Bachelor of Science in Neuroscience,https://dornsife.usc.edu/usc-neuroscience/undergraduate-curriculum/,,
Not Required,Required,"Your application consists of the following components:
*   Common Application with USC Writing Supplement
*   Counselor Recommendation (via Common Application)
*   Teacher Recommendation (via Common Application)
*   High School Transcript(s)
*   Mid-Year Grades (required for Regular Decision, optional for Early Action)
*   Test Scores (SAT or ACT) – optional for Fall 2024 and Fall 2025
*   School Report (via Common Application)

To be eligible for admission to USC, you must meet the following minimum requirements:
*   Graduate from an accredited high school or obtain a GED.
*   Complete 16 academic core subjects with a grade of C or better in all courses:
    *   4 years of English
    *   3 years of mathematics (Algebra I, Geometry, Algebra II)
    *   2 years of a laboratory science
    *   2 years of a foreign language (of the same language)
    *   1 year of visual or performing arts
    *   1 year of world history
    *   2 years of academic electives",Required,True,True,False,False,False,,,program,Bachelor of Arts in Public Policy,https://catalogue.usc.edu/content.php?catoid=8&navoid=2164,,
Not Required,Required,"Applicants must submit the Common Application, USC Writing Supplement (including essays), Official Transcripts, School Report and Counselor Recommendation, and a Mid-Year Report. SAT or ACT scores are optional.",Required,True,False,True,False,False,,,program,Bachelor of Science in Quantitative Biology,https://www.qcb-dornsife.usc.edu/major,,
Not Required,Not Required,"Application Requirements for First-Year Students:
*   Common Application
*   USC Writing Supplement
*   Official high school transcripts
*   SAT or ACT scores (optional for 2024-2025)
*   Letters of Recommendation (optional)",Not Required,True,True,False,False,False,,,program,Bachelor of Science in Real Estate Development,https://catalogue.usc.edu/content.php?catoid=18&navoid=7464,,
Not Required,Required,"The Common Application or Coalition Application, including the USC Writing Supplement with two required essays, official high school transcripts, and letter(s) of recommendation (one required). Standardized test scores (SAT/ACT) are optional.",Required,True,True,True,False,False,,,program,Bachelor of Arts in Spatial Sciences,https://dornsife.usc.edu/spatial/undergraduate/,,
,,"Common Application, USC Writing Supplement, Counselor Recommendation, Teacher Recommendation, High School Transcript, SAT or ACT Scores (Optional for 2024 and 2025 Applicants), Portfolio, SlideRoom, or Audition (if applicable), Mid-Year Grades (if applicable), TOEFL, IELTS, PTE Academic or Duolingo English Test Scores (if applicable)",Required,True,True,False,False,False,,,program,Bachelor of Science in Spatial Sciences,https://dornsife.usc.edu/spatial/undergraduate/,,
,,,,True,False,False,False,False,,,program,Bachelor of Arts in Theatre,https://catalogue.usc.edu/content.php?catoid=18&navoid=7464,,
Not Required,Not Required,"Applicants must submit the Common Application (including essays), USC Writing Supplement (including essays and short answer questions), official high school transcripts, school report and counselor recommendation, mid-year school report (if applicable), and final school report (if applicable). Optional materials include a resume and portfolio. Applicants to all undergraduate programs at USC Dornsife apply through the USC Office of Admission.",Required,True,True,False,False,False,,,program,Bachelor of Arts in Writing,https://dornsife.usc.edu/engl/undergraduate/english-major/,,
,,,,True,False,False,False,False,,,program,"Bachelor in Adult Development, Gerontology, and Aging",https://catalogue.usc.edu/preview_program.php?catoid=8&poid=7817,,
Not Required,Required,"Applying to USC as a first-year undergraduate applicant involves submitting the Common Application, including essays. Other required documents include Official Transcripts, a School Report, a Mid-Year Report, and an academic Letter of Recommendation. Submission of SAT or ACT test scores is optional for Fall 2024 and Fall 2025 applicants.",Not Required,True,False,False,False,False,,,program,Bachelor in African American Studies,https://dornsife.usc.edu/ase/undergraduate/,,
Not Required,Required,"First-Year applicants apply to USC through the USC Undergraduate Admission office, not directly to the department. General application requirements for first-year students include the Common Application (which includes essays and activities list), the USC Writing Supplement (which includes additional short answer questions), and official high school transcripts. Letter(s) of Recommendation are optional. SAT or ACT scores are optional. Portfolio, slide room, or other creative samples are required if applicable to the student's application.",Required,True,True,False,False,False,,,program,Bachelor in Anthropology,https://dornsife.usc.edu/anth/undergraduate/anthropology-ba/,,
Not Required,Not Required,"First-Year Application Checklist: Common App or Coalition App, USC Writing Supplement, Counselor Recommendation, Teacher Recommendation, Official High School Transcripts, School Report, Mid-Year Report (if applicable). Optional materials include SAT/ACT Scores and a Resume. Portfolio, Audition, or Interview are optional for specific majors.",Required,True,True,False,False,False,,,program,Bachelor in Archaeology,https://catalogue.usc.edu/content.php?catoid=18&navoid=7464,,
Not Required,Required,"First-Year Applicants must submit the Common Application with the USC Writing Supplement. Transfer Applicants must submit the Common Application with the USC Writing Supplement. The Common Application asks for a personal essay and for your academic record including a list of courses and grades achieved, and scores on standardized tests (SAT/ACT). The USC Writing Supplement asks for short answers and additional essays. All applicants to the Bachelor of Architecture program are required to submit a portfolio.",Required,True,False,False,False,False,,,program,Bachelor in Architecture,https://catalogue.usc.edu/preview_program.php?catoid=14&poid=16651,,
Not Required,Required,"All first-year applicants must submit the following: Common Application, USC Writing Supplement (includes one long essay and two short answer questions), Official high school transcripts, Mid-year senior year grades, Letters of recommendation (at least one from a counselor or teacher, up to two), SAT or ACT scores (optional).",Not Required,True,True,False,False,False,,,program,Bachelor in Art History,https://vertexaisearch.cloud.google.com/grounding-api-redirect/AUZIYQH973BtrakX3WxEoHyx7qOgYF3ywigugyk4bvs2LuTU-Vfrl56Ix0dQ6mKHhAnA9IrRZvpblGVrhe3cn8AJxLN-kRtakk7vlFKv6EZ7Qnu1UxeVhz0YhlbptC7R2v3awj12o3HvLHGYn50c1nzleeqpWkKSN-6C_kcCdcqWvI_5XGcA,,
Not Required,Required,"Required Application Components: Common Application or Coalition Application, USC Writing Supplement, High school transcript(s), SAT or ACT scores (Optional for Fall 2024, 2025, 2026 applicants), Portfolio, slide room, or audition, if applicable. Not Required, but Considered: Letters of Recommendation, Interviews. Other Requirements: English Proficiency (if applicable), Financial Aid Application.",Required,True,True,False,False,False,,,program,Bachelor in Arts,https://catalogue.usc.edu/content.php?catoid=18&navoid=7464,,
Not Required,Required,"Common App with USC Supplement, High school transcript(s), Letter(s) of recommendation (one counselor, one teacher), Essays (short answers + one longer essay required on Common App), English Proficiency (for international students). Standardized test scores (SAT or ACT) are not required for Fall 2024 applicants; students may choose to submit them, but will not be disadvantaged if they do not.",Not Required,True,True,False,False,False,,,program,Bachelor in Asian Studies,https://dornsife.usc.edu/eascenter/academics/easc-undergraduate-programs/,,
,,"First-year applicants must submit the following application materials: Official High School Transcripts; SAT/ACT Scores (Optional for 2024); Letters of Recommendation; Essays; Portfolio, Audition, and/or Interview (for some majors); English Proficiency (International Applicants Only).",,True,True,True,False,False,,,program,Bachelor in Astronomy and Astrophysics,https://catalogue.usc.edu/content.php?catoid=18&navoid=7464,,
,,,,True,False,True,False,False,,,program,Bachelor in Astronautical Engineering,https://catalogue.usc.edu/preview_program.php?catoid=8&poid=7720&returnto=3397,,
Required,Required,"General application requirements at USC typically include official academic transcripts, letters of recommendation (e.g., from a counselor and teacher for first-year applicants, or academic/professional recommenders for graduate applicants), and written components such as essays/writing supplements for undergraduate applicants or a Statement of Purpose for graduate applicants. Undergraduate applicants provide an activities list via the Common Application, while graduate applicants generally submit a CV/Resume. Standardized test scores, such as SAT/ACT for undergraduates or GRE/GMAT/TOEFL/IELTS for graduates, may also be part of the application, often as an optional component for undergraduates.",Not Required,True,True,,False,False,,,institute,Bachelor in Behavioral Sciences,https://dornsife.usc.edu/psyc/academic-programs-and-course-syllabi/,,
Not Required,Required,"First-Year applicants must submit: Common Application, USC Writing Supplement, Official Transcripts, Counselor Recommendation, and Teacher Recommendation. Standardized Test Scores (SAT/ACT) are optional for students applying for the Fall 2024 and Fall 2025 semesters.",Required,True,True,True,False,False,,,program,Bachelor in Biochemistry,https://catalogue.usc.edu/preview_program.php?catoid=12&poid=12633,,
Not Required,Required,"Common Application; USC Writing Supplement; Official high school transcripts; SAT or ACT scores (optional for Fall 2024, Fall 2025, and Fall 2026 applicants); Letters of recommendation; School Report; Mid-Year Report.",Required,True,True,True,False,False,,,program,Bachelor in Biochemistry and Molecular Biology,https://catalogue.usc.edu/content.php?catoid=18&navoid=7464,,
,,,,False,False,True,False,False,,,program,Bachelor in Bioengineering and Biomedical Engineering,https://catalogue.usc.edu/content.php?catoid=18&navoid=7464,,
Not Required,Not Required,"Common Application, USC Writing Supplement, Counselor Recommendation, Teacher Recommendation, Mid-Year Report (if applicable), Official Transcripts, Standardized Test Scores (optional for Fall 2024 applicants), Portfolio (required for some arts majors)",Not Required,True,True,True,False,False,,,program,Bachelor in Bioinformatics,https://www.qcb-dornsife.usc.edu/,,
Not Required,Required,"Applicants are generally required to submit an online application and official transcripts from all previously attended academic institutions. For undergraduate applicants, this includes the Common Application, USC Writing Supplement, high school transcripts, counselor and teacher recommendations, and a mid-year report. Standardized test scores (ACT/SAT) are optional for undergraduate applicants through Fall 2026. For graduate applicants, general requirements include an online application, transcripts, a statement of purpose, and often letters of recommendation. Standardized tests (e.g., GRE, GMAT, TOEFL, IELTS) may be required for graduate applicants depending on the specific program.",Not Required,True,True,,False,False,,,institute,Bachelor in Biology,https://bio.sciences.ncsu.edu/undergraduate/degree-programs/biological-sciences-bs/,,
Not Required,Required,"Applicants must submit the Common Application (including the USC Writing Supplement), counselor recommendation, teacher recommendation, official high school transcripts, and the application fee or fee waiver. A mid-year school report is required if applicable. SAT or ACT scores are optional for Fall 2024 and Fall 2025 applicants.",Required,True,True,True,False,False,,,program,Bachelor in Biotechnology,https://catalogue.usc.edu/content.php?catoid=18&navoid=7464,,
Not Required,Required,"Common Application, USC Writing Supplement, Official High School Transcripts, Letter(s) of Recommendation (optional), SAT or ACT scores (optional for Fall 2024, 2025, and 2026 applicants), Portfolio, slide room submission, or audition (required for some specific majors).",Required,True,True,True,False,False,,,program,Bachelor in Cellular Biology,https://catalogue.usc.edu/content.php?catoid=18&navoid=7464,,
Not Required,Required,"Common App or Coalition Application, USC Writing Supplement, Official High School Transcripts, Mid-Year Report, Letters of Recommendation (from counselor and teacher), Test Scores (SAT or ACT) – optional for Fall 2024, Fall 2025, and Fall 2026 applicants.",Required,True,True,True,False,False,,,program,Bachelor in Chemical Engineering,https://catalogue.usc.edu/content.php?catoid=18&navoid=7464,,
,,,,True,False,True,False,False,,,program,Bachelor in Chemistry,https://catalogue.usc.edu/content.php?catoid=18&navoid=7464,,
Not Required,Not Required,"First-year applicants must complete the Common Application or Coalition Application, the USC Writing Supplement, and official high school transcripts. Applicants to the USC School of Cinematic Arts are strongly encouraged to submit one letter of recommendation from an academic source and one from a cinematic arts source. SAT or ACT scores are NOT required for applicants applying for Fall 2024 and Fall 2025. A portfolio is required for all Cinematic Arts applicants, submitted via the USC Cinematic Arts portal. For Bachelor in Cinematography and Video Production (B.F.A.) applicants, the portfolio must include: a Creative Sample (a one-page written proposal for a short film, video, or animation you would like to direct, including title, log line, genre, description of story, style, visual approach, and specific interest in the project); a Visual Sample (12-15 original photographs demonstrating your visual aesthetic in JPG format, do NOT submit any video); and Short Response Questions. International applicants may also be required to submit TOEFL, IELTS, or PTE Academic scores.",Required,True,True,False,False,False,,,program,Bachelor in Cinematography and Video Production,https://catalogue.usc.edu/content.php?catoid=18&navoid=7464,,
Not Required,Required,"A complete application includes: The Common Application or Coalition Application, powered by Scoir, USC Writing Supplement, Official transcripts, and Test scores (SAT or ACT) are optional. Letters of Recommendation are not required for first-year applicants for fall 2024.",Not Required,True,True,True,False,False,,,program,Bachelor in Civil Engineering,https://cee.usc.edu/academics/undergraduate-programs/civil-engineering/,,
,,,,True,False,False,False,False,,,program,Bachelor in Classics,https://catalogue.usc.edu/content.php?catoid=18&navoid=7464,,
Not Required,Required,"Students applying to USC must use the Common Application. Application materials should be submitted online at commonapp.org. Official transcripts from all secondary schools attended. We require one letter of recommendation from either your high school counselor or a teacher. We also accept additional letters of recommendation from others who know you well and can speak to your strengths. The Common Application includes a main essay and additional questions specific to USC. We seek to understand the intellectual curiosity and academic interests of our applicants, as well as their involvement in community and extracurricular activities. USC is test-optional for students applying for fall 2024. If you opt to submit test scores, we will accept either the SAT or ACT.",Not Required,True,True,True,False,False,,,program,Bachelor in Cognitive Science,https://catalogue.usc.edu/content.php?catoid=18&navoid=7464,,
Not Required,Required,"Applicants must submit the Common App application and USC Writing Supplement, official high school transcripts, one letter of recommendation, and a Common App personal essay. SAT or ACT scores are optional for the 2024 and 2025 application cycles. The USC Annenberg School of Communication and Journalism does not have additional supplemental application requirements for first-year students.",Required,True,True,False,False,False,,,program,Bachelor in Communications,https://annenberg.usc.edu/academics/undergraduate-communication,,
,,,,False,False,False,False,False,,,program,Bachelor in Comparative Literature,https://catalogue.usc.edu/content.php?catoid=18&navoid=7464,,
Not Required,Required,"Required items: Common Application (includes a personal essay and space to list your activities and achievements), USC Writing Supplement, Counselor Recommendation, Teacher Recommendation, School Report, Transcripts, Mid-Year Report (if available). Optional items: Standardized Test Scores (SAT/ACT). USC is test-optional for students applying for undergraduate admission for Fall 2024 and Fall 2025.",Not Required,True,True,True,False,False,,,program,Bachelor in Computational and Applied Mathematics,https://dornsife.usc.edu/mathematics/undergraduate-general-information/,,
Not Required,Required,"All applicants must submit: Common Application, USC Writing Supplement, Official high school transcripts. Letters of recommendation and SAT or ACT scores are optional for Fall 2024 applicants. International students may also need to submit official test scores for English proficiency and a financial statement.",Required,True,True,True,False,False,,,program,Bachelor in Computer and Information Sciences,https://catalogue.usc.edu/content.php?catoid=18&navoid=7464,,
,,,,True,False,True,,,,,program,Bachelor in Computer Graphics,https://catalogue.usc.edu/preview_program.php?catoid=21&poid=30609&returnto=8930,,
,,,,True,False,True,False,False,,,program,Bachelor in Computer Hardware Engineering,https://catalogue.usc.edu/preview_program.php?catoid=18&poid=25450,,
Not Required,Required,"Applicants must submit the Common Application, USC Writing Supplement, official high school transcripts, and a Letter of Recommendation. SAT or ACT scores are optional for Fall 2024 applicants.",Required,True,True,True,False,False,,,program,Bachelor in Computer Science,https://catalogue.usc.edu/content.php?catoid=18&navoid=7464,,
,,,,True,True,False,False,False,,,program,Bachelor in Creative Writing,https://dornsife.usc.edu/engl/undergraduate/,,
,,,,False,False,False,False,False,,,program,Bachelor in Dance,https://catalogue.usc.edu/content.php?catoid=18&navoid=7464,,
Not Required,Required,"To apply to the Bachelor in Design and Visual Communications program at USC Roski School of Art and Design, applicants must submit the following: Common Application, USC Writing Supplement, USC Roski SlideRoom Portfolio, Official high school transcripts and school records, Letter of Recommendation (from a counselor or a teacher), SAT or ACT scores (optional for fall 2024 applicants), English proficiency examination scores (required for international students).",Required,True,True,False,False,False,,,program,Bachelor in Design and Visual Communications,https://catalogue.usc.edu/preview_program.php?catoid=20&poid=29108,,
Required,Required,"Applicants must complete the University of Southern California (USC) application via the Common Application, and a supplemental application to the USC School of Dramatic Arts (SDA) via SlideRoom. The Common Application requires essays (including the USC Writing Supplement), letters of recommendation from a counselor and teacher, and high school transcripts. Standardized test scores (SAT/ACT) are optional for Fall 2024 first-year applicants. The SDA SlideRoom application requires a headshot, a theatrical resume, a Statement of Purpose (essay) indicating why the applicant wishes to attend the USC School of Dramatic Arts, and two additional letters of recommendation. An interview with faculty is required for this program.",Not Required,True,True,False,False,False,,,program,Bachelor in Drama and Theatre Production,https://catalogue.usc.edu/content.php?catoid=18&navoid=7464,,
,,,,False,False,True,False,False,,,program,Bachelor in Earth Sciences,https://catalogue.usc.edu/content.php?catoid=18&navoid=7464,,
,,,,True,False,False,False,False,,,program,Bachelor in East Asian Area Studies,https://catalogue.usc.edu/content.php?catoid=18&navoid=7464,,
,,,,True,False,False,False,False,,,program,Bachelor in East Asian Languages and Cultures,https://catalogue.usc.edu/preview_program.php?catoid=18&poid=25137,,
Not Required,Required,"First-Year Applicant Checklist: Common Application, USC Writing Supplement, Counselor Recommendation, Teacher Recommendation, Official High School Transcripts, SAT or ACT Scores (Optional for Fall 2024, Fall 2025, and Fall 2026), Portfolio, Audition, or Interview (If Required by Major), Mid-Year Grades (For First-Year Applicants)",Required,True,True,False,False,False,,,program,Bachelor in East Asian Languages and Literatures,https://catalogue.usc.edu/content.php?catoid=12&navoid=4093,,
Not Required,Required,"Required materials vary depending on the applicant's academic history and major of interest. See additional requirements listed for first-year and transfer applicants. Required materials may include: Online Application (Common Application or Coalition Application), Official Transcripts, School Report, Counselor Recommendation, Teacher Recommendation, Mid-Year Report. A personal essay is required of all applicants.",Not Required,True,False,True,False,False,,,program,Bachelor in Ecology and Evolutionary Biology,https://catalogue.usc.edu/content.php?catoid=18&navoid=7464,,
Not Required,Not Required,"First-year applicants must submit the Common Application, including the USC Writing Supplement. Official high school transcripts are required. A letter of recommendation is optional. SAT or ACT scores are optional for Fall 2024, Fall 2025, and Fall 2026 applicants. English proficiency is required for international applicants whose native language is not English. Portfolios are required for specific majors only (Architecture, Art, Cinematic Arts, Dance, Music, Theatre).",Not Required,True,True,True,False,False,,,program,Bachelor in Economics,https://catalogue.usc.edu/content.php?catoid=18&navoid=7464,,
Not Required,Required,"Required Materials: Common Application (including USC-specific questions), Counselor Recommendation (via Common Application), Teacher Recommendation (via Common Application), Official High School Transcripts, Mid-Year Grades. Optional: SAT or ACT scores, Portfolio, Audition, or Interview (for specific majors). Academic Preparation: USC looks for students who have challenged themselves with a strong academic program. Our most competitive applicants are taking the most rigorous curriculum available to them, including AP, IB, and honors classes. Most successful applicants will have taken: 4 years of English, 3-4 years of mathematics (including Algebra I, Geometry, Algebra II, and Advanced Math), 3-4 years of laboratory science, 2-4 years of a foreign language, 2 years of history/social science.",Not Required,True,True,True,False,False,,,program,Bachelor in Electrical Engineering,https://minghsiehece.usc.edu/bs-ece-program/,,
,,,,True,False,False,False,False,,,program,Bachelor in English,https://catalogue.usc.edu/content.php?catoid=18&navoid=7464,,
Not Required,Required,"All first-year applicants must complete the Common Application, which includes the Personal Essay, and the USC Writing Supplement. Additional requirements include a counselor recommendation, teacher recommendation, mid-year report, and official high school transcripts. Standardized Test Scores (SAT/ACT) are optional for Fall 2024, 2025 and 2026 applicants. Portfolios are optional for some majors.",Required,True,True,True,False,False,,,program,Bachelor in Environmental Engineering,https://catalogue.usc.edu/content.php?catoid=18&navoid=7464,,
,Not Required,"Common Application with USC Writing Supplement; Official High School Transcripts; Letters of Recommendation (optional); Standardized Test Scores (optional for Fall 2024 and Fall 2025 applicants); Portfolio, Audition, or Interview (for certain majors only); English Proficiency (for international students only); Application Fee or Fee Waiver",Required,True,True,True,False,False,,,program,Bachelor in Environmental Science,https://catalogue.usc.edu/preview_program.php?catoid=20&poid=28390&returnto=8428,,
Not Required,Required,"First-year applicants must submit the Common Application (including essays and short answer questions), official high school transcripts, a school report (counselor recommendation), and one teacher recommendation (two recommended). SAT/ACT scores are optional for Spring 2024 and Fall 2024 applicants.",Not Required,True,True,False,False,False,,,program,Bachelor in Environmental Studies,https://catalogue.usc.edu/content.php?catoid=18&navoid=7464,,
,,,,True,False,False,False,False,,,program,Bachelor in Film and Video Studies,https://sllc.umd.edu/fields/cinema-media/major-ba,,
Not Required,Required,"To apply for undergraduate admission to USC, first-year applicants must submit: the Common Application, which includes the Common Application Personal Essay; the USC Writing Supplement, which includes short answer questions and essays specific to USC; official transcripts from all secondary schools attended; and a letter of recommendation from a counselor and/or a teacher. Standardized Test Scores (SAT/ACT) are optional for students applying for Fall 2024 and Fall 2025 admission. There are no additional specific application requirements mentioned for the Bachelor in French Language and Literature program.",Required,False,False,False,False,False,,,program,Bachelor in French Language and Literature,https://catalogue.usc.edu/content.php?catoid=18&navoid=7464,,
Not Required,Required,"Applicants must submit the Common Application with USC Member Questions, the USC Writing Supplement, official transcripts, letters of recommendation (School Report and Counselor Recommendation), and a Mid-Year Report. Standardized test scores (SAT/ACT) are optional. International students must also demonstrate English proficiency. In addition to the general USC application, applicants to the BA in Game Design and Interactive Media must complete a supplemental application and portfolio through SlideRoom, with a $15 fee. The supplemental application is due by December 1 for first-year applicants and February 1 for transfer applicants. The SlideRoom portfolio requires a Game Design Document and a 'Play a Game' submission. Optional portfolio components include a Visual Piece, a Creative Writing Sample, and Additional Information. No prior experience with game design or programming is required.",Not Required,True,True,False,False,False,,,program,Bachelor in Game Design and Interactive Media,https://catalogue.usc.edu/preview_program.php?catoid=20&poid=29368,,
Not Required,Required,"Applicants must submit The Common Application or Coalition Application, which includes the USC Writing Supplement. Official High School Transcripts are required. Counselor and Teacher Recommendations are optional and may be requested by an admission counselor after initial review. SAT or ACT scores are optional for Fall 2021, Fall 2022, Fall 2023, Fall 2024, Fall 2025 First-Year Applicants. Portfolios are required only for specific majors, such as Architecture, Art, Cinematic Arts, Dance, Design, and Music; Geography is not one of these specified majors.",Required,True,False,False,False,False,,,program,Bachelor in Geography,https://catalogue.usc.edu/content.php?catoid=18&navoid=7464,,
Not Required,Required,"The USC application consists of the Common Application, USC Writing Supplement, official transcripts, and letters of recommendation. Applicants may also submit optional SAT or ACT scores, though they are not required for 2024 admission.",Required,True,False,False,False,False,,,program,Bachelor in Global Studies,https://catalogue.usc.edu/preview_program.php?catoid=21&poid=29609,,
Not Required,Not Required,"First-year applicants to the USC Roski School of Art and Design submit the Common Application with the USC Writing Supplement, high school transcripts, letters of recommendation, and a portfolio. USC is test-optional for Fall 2024 applicants.",Required,True,True,False,False,False,,,program,Bachelor in Graphic Design,https://www.uvu.edu/theatre/degrees/,,
,,,,False,False,False,False,False,,,program,Bachelor in Hispanic American Studies,https://dornsife.usc.edu/ase/bachelor-of-arts-chicano-latino-studies/,,
,,,,True,False,False,False,False,,,program,Bachelor in History,https://catalogue.usc.edu/content.php?catoid=18&navoid=7464,,
,,,,True,False,False,False,False,,,program,Bachelor in Interdisciplinary Studies,https://catalogue.usc.edu/content.php?catoid=20&navoid=8218,,
,,,,True,False,False,False,False,,,program,Bachelor in International Relations,https://catalogue.usc.edu/content.php?catoid=18&navoid=7464,,
,Required,"To apply for first-year admission, please submit the following: Common Application: Complete the Common Application, including the USC Member Questions. Official high school transcripts: Please submit your official high school transcripts. SAT or ACT scores: USC has a test-optional policy for Fall 2024 first-year applicants. Students may apply without submitting SAT or ACT scores. USC Writing Supplement: The USC writing supplement includes one short answer question and one longer essay. Additional supplemental essays may be required for specific programs. Letters of Recommendation: Required: One letter of recommendation from your counselor. Optional: One letter of recommendation from a teacher. Portfolios and interviews: Portfolios are only required for specific programs within the Schools of Architecture, Art and Design, Cinematic Arts, Dance, Dramatic Arts, and Music. Interviews are only required for specific programs within the Schools of Architecture, Cinematic Arts, Dance, Dramatic Arts, and Music.",Required,True,True,False,False,False,,,program,Bachelor in International Studies,https://catalogue.usc.edu/preview_program.php?catoid=12&poid=12742,,
Not Required,Required,"Common Application, Essays (Common App personal essay + USC Writing Supplement), High School Transcripts, Letters of Recommendation (one), SAT or ACT Scores (Optional for Fall 2024 and 2025), Mid-Year Grade Report.",Not Required,True,False,False,False,False,,,program,Bachelor in Italian Language and Literature,https://dornsife.usc.edu/fren-ital/italian-major/,,
Not Required,Required,"Admission to the USC Annenberg School for Communication and Journalism is a two-step process. First, students apply to the University of Southern California (USC). The university reviews all applications for admission. Second, if you are admitted to USC, your application is then forwarded to USC Annenberg for a second review for admission to the school. All prospective students apply using the Common Application. Students applying to Annenberg do not submit a separate application or supplemental materials directly to the school, with the exception of those applying to our Cinematic Arts + Communication, or Design, Technology and Communication Management majors. The general application checklist includes:
1. Common Application (including essays)
2. USC Writing Supplement (USC-specific questions and short answer essays)
3. Official High School Transcripts
4. SAT or ACT Scores (Optional for Fall 2024 and 2025)
5. Letters of Recommendation (One letter of recommendation is required from a counselor or teacher.)
6. Application Fee or Fee Waiver Request
7. Financial Aid Applications (Optional)",Not Required,True,True,False,False,False,,,program,Bachelor in Journalism,https://annenberg.usc.edu/academics/undergraduate-journalism,,
Not Required,Required,"All students applying for admission to the university must apply online through the Common Application or Coalition Application. First-year applicants must submit the Common Application or Coalition Application with USC Writing Supplement, official high school transcripts, and may submit scores from the SAT or ACT (optional for 2021-2022 applicants and beyond). Transfer applicants must submit the Common Application or Coalition Application with USC Writing Supplement, official transcripts from all colleges and universities attended, and official high school transcripts.",Required,True,False,False,False,False,,,program,Bachelor in Latin and Ancient Greek Studies,https://catalogue.usc.edu/content.php?catoid=18&navoid=7464,,
Not Required,Required,"Common Application, USC Writing Supplement, High school transcript(s), Mid-Year Report (if applicable), SAT or ACT scores (optional for Fall 2024 applicants), Letters of Recommendation (optional), Portfolio (required for some majors), Audition (required for some majors), English proficiency (if applicable).",Required,True,True,False,False,False,,,program,Bachelor in Liberal Arts and Humanities,https://catalogue.usc.edu/content.php?catoid=16&navoid=6107,,
Not Required,Required,"Required materials for first-year applicants:
*   Common Application: Complete the Common Application, including the USC-specific questions. Your Common Application essay, which is part of the Common Application, is also required.
*   USC Writing Supplement: The USC Writing Supplement is available within the Common Application and consists of one short answer question.
*   High School Transcript(s)
*   SAT or ACT Scores: Reporting SAT or ACT scores is optional for students applying for fall 2024.
*   Letters of Recommendation: One letter of recommendation is required from a counselor or school official. One letter of recommendation from a teacher is strongly recommended.
*   Mid-Year Grades
*   Portfolio, Audition, or Interview: Required only for specific majors and schools.
*   English Proficiency: Required for international students.",Required,True,True,False,False,False,,,program,Bachelor in Linguistics,https://catalogue.usc.edu/content.php?catoid=18&navoid=7464,,
Not Required,Not Required,"The Common Application and USC Writing Supplement, high school transcript(s), letter(s) of recommendation, and SAT or ACT scores (optional for Fall 2024 and Fall 2025 applicants). International students must also demonstrate English proficiency.",Required,True,True,False,False,False,,,program,"Bachelor in Linguistics, Interpretation, and Translation",https://dornsife.usc.edu/ling/the-linguistics-major/,,
Not Required,Required,"A first-year applicant is one who has graduated from high school and has not enrolled in a regular session at any college or university. Students who complete college work in the summer immediately following high school graduation are still considered first-year applicants.
Required Application Materials:
* Official high school transcript
* Official SAT/ACT scores (Optional for 2021-2022 and 2022-2023 applicants)
* Letters of recommendation
* Essays
* Optional materials, depending on program",Not Required,True,True,False,False,False,,,program,Bachelor in Literature,https://catalogue.usc.edu/content.php?catoid=18&navoid=7464,,
,,,,False,False,False,False,False,,,program,Bachelor in Management Sciences and Information Systems,https://www.youtube.com/watch?v=VxEv_rFST4s,,
,,,,True,False,True,False,False,,,program,Bachelor in Marine Biology and Oceanography,https://catalogue.usc.edu/content.php?catoid=18&navoid=7464,,
Not Required,Required,"The following materials are required to complete your first-year application to USC:
* Common Application or Coalition Application
* USC Writing Supplement
* Official high school transcripts
* SAT or ACT scores (optional for Fall 2024, 2025, and 2026 applicants)
* Letters of Recommendation (not required but strongly encouraged)
* For certain majors, a portfolio or audition may be required (for example, majors in the Schools of Architecture, Cinematic Arts, Dramatic Arts, or Music).",Required,True,True,True,False,False,,,program,Bachelor in Mathematics,https://catalogue.usc.edu/content.php?catoid=18&navoid=7464,,
Not Required,Not Required,"Common Application (including the USC Writing Supplement); Application Fee or Fee Waiver; Official High School Transcripts; SAT or ACT Scores (Optional for 2024, 2025, and 2026 application cycles); Optional Arts Portfolio or Maker Portfolio",Required,True,False,True,False,False,,,program,Bachelor in Mechanical Engineering,https://catalogue.usc.edu/content.php?catoid=18&navoid=7464,,
Not Required,Not Required,"A complete application includes: The Common Application, including the USC Writing Supplement; Official high school transcripts; Letter(s) of Recommendation. Test scores (SAT/ACT) are optional.",Not Required,True,True,False,False,False,,,program,Bachelor in Minority and Ethnic Studies,https://catalogue.usc.edu/content.php?catoid=18&navoid=7464,,
Not Required,Required,"To complete your application for undergraduate admission to the USC Thornton School of Music, you must submit the following items: Common Application, USC Writing Supplement, USC Portfolio (including the USC Thornton School of Music Supplemental Application), Transcripts, Letter(s) of Recommendation, Test Scores, English Proficiency (for international students).",Not Required,True,True,False,False,False,,,program,Bachelor in Music,https://music.usc.edu/departments/,,
Required,Not Required,"Applicants must complete the USC application online through the Common Application. The USC application requires essays, high school transcripts, and letters of recommendation. All applicants must also complete the Thornton SlideRoom Submission, which includes submitting two writing samples and a resume. An interview with the department is required. Three letters of recommendation are required, including academic and music references.",Required,True,True,False,False,False,,,program,Bachelor in Music History and Literature,https://catalogue.usc.edu/preview_program.php?catoid=16&poid=21451,,
Required,Required,"All applicants to the USC Thornton School of Music must complete two applications: The Common Application (or Coalition Application, powered by Scoir) for USC and The Thornton SlideRoom Application. Required documents for the Common Application include official transcripts from all secondary schools, one academic letter of recommendation (additional letters optional), and essays (USC Writing Supplement and additional questions as prompted by the Common Application). Official SAT or ACT test scores are not required for Fall 2024, 2025, and 2026 admissions, but may be submitted. English proficiency test scores are required for international students. For the Music Industry (B.M.) program, the Thornton SlideRoom Application also requires a detailed music resume, a repertoire list of 2-3 pieces demonstrating proficiency, and a short video introduction (less than 2 minutes) explaining interest in the program and professional goals. Additionally, an interview is required for all applicants to the Music Industry program, conducted virtually over Zoom in January and February.",Required,True,True,False,False,False,,,program,Bachelor in Music Management,https://music.usc.edu/departments/music-industry/,,
Required,Not Required,"The following items must be submitted by December 1, 2023 for Fall 2024 consideration. Common App or USC Application: All applicants must submit the Common Application or the USC Application online. Application Fee: Pay the $85 USC application fee. Official Transcripts: You must submit official high school transcripts directly to USC. Letters of Recommendation: Letters of Recommendation are not required for Thornton School of Music applicants. Resume/List of Activities: Submit a resume or list of activities via the USC SlideRoom portal (available through your USC Supplemental Application). Supplemental Application: Submit the USC Thornton School of Music Supplemental Application online. The supplemental application is accessible via the USC SlideRoom portal only after you have submitted the Common Application or USC Application. Audition (Live or Recorded): All applicants must successfully complete an audition in their chosen major. See Audition Information. Portfolio (Composition, Screen Scoring, Music Production, Jazz Studies – Instrumental): Portfolio materials are only required for applicants to Composition, Screen Scoring, Music Production, and Jazz Studies (Instrumental). For other majors, disregard portfolio prompts. Writing Sample (Musicology, Music Industry): A writing sample is only required for applicants to Musicology and Music Industry. For other majors, disregard writing sample prompts.",Not Required,True,True,False,False,False,,,program,Bachelor in Music Performance,https://catalogue.usc.edu/content.php?catoid=8&navoid=2162,,
,,,,,,,,,,,error,Bachelor in Music Theory and Composition,https://music.usc.edu/departments/composition/,,"Invalid operation: The `response.text` quick accessor requires the response to contain a valid `Part`, but none were returned. The candidate's [finish_reason](https://ai.google.dev/api/generate-content#finishreason) is 12."
,,,,False,False,False,False,False,,,program,Bachelor in Musical Instruments,https://docs.lib.purdue.edu/cgi/viewcontent.cgi?article=2147&context=cstech,,
Not Required,Required,"To apply as a first-year applicant, you must submit the following: Common Application or Coalition Application, USC Writing Supplement, Official High School Transcripts, Counselor Recommendation, Teacher Recommendation, SAT/ACT Scores (Optional for fall 2024 applicants). Students applying to USC must meet the following general requirements: Strong academic record with challenging coursework, Competitive grades, Extracurricular activities and leadership experience, Community involvement, Essays and recommendations that highlight unique qualities.",Required,True,True,True,False,False,,,program,Bachelor in Neuroscience and Neurobiology,https://dornsife.usc.edu/usc-neuroscience/undergraduate-curriculum/,,
Not Required,Required,"First-year applicants must submit: Common Application with USC Writing Supplement, high school transcript(s), counselor recommendation, teacher recommendation, and mid-year school report (if applicable).",Not Required,True,True,False,False,False,,,program,Bachelor in North American Studies,https://dornsife.usc.edu/ase/undergraduate/,,
Not Required,Required,"Applicants must submit the Common Application, USC Writing Supplement (Essays and Short Answer Questions), School Report and Counselor Recommendation, Transcripts, and proof of English Proficiency (if applicable). SAT or ACT scores are optional for the 2021-2022, 2022-2023, 2023-2024, and 2024-2025 application cycles. For the Bachelor of Arts in Performing Arts program, no supplemental application or audition is required.",Required,True,False,False,False,False,,,program,Bachelor in Performing Arts,https://catalogue.usc.edu/content.php?catoid=18&navoid=7464,,
Not Required,Not Required,"Applicants apply to the BS in Pharmacology & Toxicology program through USC Undergraduate Admissions. First-year applicants must submit: The Common Application, USC Writing Supplement, Official high school transcripts, School Report, Counselor recommendation, Teacher recommendation, and Mid-year report (if applicable). SAT or ACT scores are optional for Fall 2024 applicants.",Required,True,True,True,False,False,,,program,Bachelor in Pharmacology and Toxicology,https://today.usc.edu/usc-school-of-pharmacy-offers-undergraduate-pharmacology-degree/,,
Not Required,Required,"First-year applicants must complete the Common Application or Coalition Application online. These applications provide biographical information, information about academic history, extracurricular activities, and written essays. Required documents include: Common Application or Coalition Application, official high school transcripts, official SAT or ACT scores (if applicable), recommendations (counselor and teacher), and essays. Portfolio, writing sample, and/or other supplements may be required for certain majors (if applicable). Financial aid applications are required only if the student is applying for financial assistance.",Not Required,False,False,False,False,False,,,program,Bachelor in Philosophy,https://catalogue.usc.edu/content.php?catoid=18&navoid=7464,,
Not Required,Required,"All applicants must submit the Common Application and the USC Writing Supplement. The USC Writing Supplement includes short answer questions and essays. First-year applicants must submit: Common App application, USC Writing Supplement, Counselor recommendation, Teacher recommendation, High school transcript, SAT or ACT scores (optional for Fall 2024, Fall 2025, and Fall 2026 applicants). Portfolio (required for some arts programs) and Interview (required for some arts and scholarship programs) are not applicable to the Bachelor in Physics program. International students may have additional requirements, such as English proficiency exams.",Required,True,True,False,False,False,,,program,Bachelor in Physics,https://catalogue.usc.edu/preview_program.php?catoid=11&poid=10691,,
,,"Admission to the School of Cinematic Arts for all undergraduate programs is highly competitive and is based on a review of the applicant’s academic record, writing samples for students applying to Writing, Critical Studies, Animation, and Film & Television Production, and an interview for students applying to Film & Television Production and Interactive Media. Students applying to the BA in Cinematic Arts program are required to submit an essay.",Required,True,False,False,False,False,,,program,Bachelor in Playwriting and Screenwriting,https://catalogue.usc.edu/content.php?catoid=18&navoid=7464,,
Not Required,Not Required,"All first-year applicants must submit the Common Application, USC Writing Questions, high school transcript(s), and letter(s) of recommendation. A Mid-Year Report is also required if available. Standardized test scores (SAT/ACT) are optional for Fall 2024 and Fall 2025 applicants.",Not Required,True,True,False,False,False,,,program,Bachelor in Political Science and Government,https://catalogue.usc.edu/content.php?catoid=18&navoid=7464,,
Not Required,Not Required,"All applicants should submit the following:
*   Common Application
*   USC Writing Supplement
*   Official High School Transcripts
*   School Report and Counselor Recommendation
*   Mid-Year School Report (if applicable)

Additional Materials:
*   Teacher Recommendation (optional): We welcome one letter of recommendation from a teacher, particularly one who taught you in a core academic subject area (English, mathematics, science, social studies, foreign language). Please request letters from teachers who know you well and can speak to your strengths and readiness for a rigorous academic environment.
*   Standardized Test Scores (optional for Fall 2024 first-year applicants): USC does not require SAT or ACT scores for Fall 2024 first-year applicants. However, if you have taken the SAT or ACT and wish to submit your scores, you may do so. Submitted scores will be considered in the context of the rest of your application and will not be used to your disadvantage.

Portfolio or Audition:
Some majors require a portfolio or audition as part of the application. Please check our list of majors with additional requirements to see if your intended major requires a portfolio or audition.",Required,True,True,False,False,False,,,program,Bachelor in Psychology,https://catalogue.usc.edu/content.php?catoid=18&navoid=7464,,
,,,,True,False,False,False,False,,,program,Bachelor in Public Policy Analysis,https://catalogue.usc.edu/content.php?catoid=18&navoid=7464,,
Not Required,Required,"Common Application, USC Writing Supplement, Official high school transcripts, Letters of recommendation, SAT or ACT scores (Optional for Fall 2024), Optional materials: portfolio (art, architecture, cinematic arts, dance, music, theatre).",Required,True,True,False,False,False,,,program,Bachelor in Public Relations,https://catalog.ua.edu/undergraduate/communication-information-sciences/advertising-public-relations/public-relations-ba/,,
Not Required,Required,"Common Application, USC Writing Supplement (including two short answer questions and one essay), High School Transcript, School Report and Counselor Recommendation, Teacher Recommendation, Standardized Test Scores (Optional).",Required,True,True,False,False,False,,,program,Bachelor in Religious Studies,https://dornsife.usc.edu/religion/religion-majors/religion-degree-requirements/,,
Not Required,Required,"We offer two admission plans for first-year applicants: Early Action and Regular Decision. Our admission decisions are based on a holistic review of your application, which includes your academic record, essays, letters of recommendation, extracurricular activities, and other achievements.
Application Checklist:
Common Application with USC Writing Supplement
Application Fee or Fee Waiver
Official High School Transcripts
SAT/ACT Scores (Optional for 2024, 2025, and 2026 application cycles)
Letters of Recommendation (Optional)
TOEFL/IELTS/PTE Academic (required for international students)",Not Required,True,True,False,False,False,,,program,Bachelor in Russian and Eastern European Languages and Literature,https://dornsife.usc.edu/sll/content/,,
Not Required,Not Required,"To apply to USC, first-year applicants must submit the following: Common Application, USC Writing Supplement, Official high school transcripts, Scores from the SAT or ACT (if you choose to submit them), Optional: letters of recommendation, Optional: portfolio or creative submission (for specific majors). Deadline for all materials: December 1, 2023.",Required,True,True,False,False,False,,,program,Bachelor in Social Science Research Methods,https://dornsife.usc.edu/stories/program_overlay/social-sciences-economics-emphasis-major/,,
Not Required,Not Required,"Common Application or Coalition Application, USC Writing Supplement (including short answer questions and one extended essay), Official high school transcripts, Counselor recommendation, Teacher recommendation.",Required,True,True,False,False,False,,,program,Bachelor in Sociology,https://catalogue.usc.edu/content.php?catoid=18&navoid=7464,,
,,,,True,True,False,False,False,,,program,Bachelor in Spanish Language and Literature,https://catalogue.usc.edu/preview_program.php?catoid=12&poid=12848,,
Not Required,Required,"Admission to all programs in the Roski School of Art and Design is contingent on admission to the university. General university admission for first-year applicants requires: USC Application, Essay (which includes a writing supplement with prompts and several short answer questions), Test Scores (SAT/ACT are optional for Fall 2024 and Fall 2025 applicants), High School Transcript(s), and Letter(s) of Recommendation. For the Bachelor in Studio Arts program, applicants must also submit a portfolio of creative work consisting of 10–20 images or up to 10 minutes of time-based work through SlideRoom.",Required,True,True,False,False,False,,,program,Bachelor in Studio Arts,https://catalogue.usc.edu/content.php?catoid=8&navoid=2131,,
Required,Required,"Undergraduate applicants apply to the university through the USC Undergraduate Admission office. In addition to the university application, applicants must also complete a supplemental application through the School of Dramatic Arts. All applicants who are invited to an interview/audition/portfolio review will be notified via email approximately three to four weeks prior to the scheduled date.",Required,True,True,False,False,False,,,program,Bachelor in Theatre Design,https://catalogue.usc.edu/content.php?catoid=18&navoid=7464,,
,,,,True,False,False,False,False,,,program,Bachelor in Urban Studies and Affairs,https://catalogue.usc.edu/content.php?catoid=18&navoid=7464,,
Not Required,Required,"To apply to USC as a freshman for fall or spring, you will need to submit: Common Application, including the personal essay; USC Writing Supplement; Official High School Transcripts; Letter of Recommendation (from a counselor or a teacher); Standardized Test Scores (optional for applicants applying for the 2024-2025 and 2025-2026 application cycles). A Mid-Year Report is required. Portfolios are required for specific majors only.",Not Required,True,True,,False,False,,,institute,Bachelor in Visual and Performing Arts,https://you.ubc.ca/programs/,,
Not Required,Not Required,"Applicants must submit the Common Application (including essay and USC short answer questions), official high school transcripts, and letters of recommendation (one from a high school counselor and one from a high school teacher). A supplemental application to the USC Thornton School of Music is also required, which includes an audition. Thornton encourages additional letters of recommendation from music teachers/mentors. An optional resume/CV and an optional personal statement/essay may be uploaded with the supplemental application. SAT or ACT scores are optional for Fall 2024 and Fall 2025 applicants.",Not Required,True,True,False,False,False,,,program,Bachelor in Voice and Opera,https://catalogue.usc.edu/preview_program.php?catoid=8&poid=7912,,
