QsWorldRanking,School,MaxFails,MaxGPA,MinGPA,PreviousYearAcceptanceRates,Term,LiveDate,DeadlineDate,Fees,AverageScholarshipAmount,CostPerCredit,ScholarshipAmount,ScholarshipPercentage,ScholarshipType,Program duration,Tuition fee,Program name,Program Page url
12,,,,3.0,11%,Fall 2026,,30 November,"$50,535/Year",,,,,,48 months,"$50,535/Year",Bachelor of Arts in African American Studies,https://www.bachelorsportal.com/universities/11801/university-of-california-berkeley.html
12,College of Letters & Science,,,,,Fall 2026,,,,,,,,,4 years,,Bachelor of Arts in American Studies,https://discovery.berkeley.edu/students/major-maps/american-studies
12,,,,,11%,Fall 2026,,30 November,"$48,014/Year",,,,,,4 years,"$48,014/Year",Bachelor of Arts in Ancient Greek and Roman Studies,https://www.bachelorsportal.com/universities/11801/university-of-california-berkeley.html
10,College of Letters and Science,,,,11%,Fall 2026,,30 November,"$48,018/Year",,,,,,4 years,"$48,018/Year",Bachelor of Arts in Anthropology,https://www.bachelorsportal.com/universities/11801/university-of-california-berkeley.html
10,,,,,11%,Fall 2026,,November 30,"$48,018/Year",,,,,,4 years,"$48,018/Year",Bachelor of Arts in Applied Mathematics,https://www.bachelorsportal.com/universities/11801/university-of-california-berkeley.html
12,College of Environmental Design,,4.0,3.4,11%,Fall 2026,August 1,November 30,"$48,574/Year",,,,,,4 years,"$48,574/Year",Bachelor of Arts in Architecture,https://www.bachelorsportal.com/universities/11801/university-of-california-berkeley.html
12,College of Letters & Science,,4.0,,11%,Fall 2026,,,"$44,115/Year",,,,,,4 years,"$44,115/Year",Bachelor of Arts in Art,https://www.scribd.com/document/706935213/%E6%BD%98%E7%8E%A5-EAED-%E5%AE%9A%E6%A0%A1%E8%A1%A8%E6%A0%BC-31
12,College of Letters & Science,,,3.0,11%,Fall 2026,,30 November,"$48,600/Year",,,,,,4 years,"$48,600/Year",Bachelor of Arts in Asian American and Asian Diaspora Studies,https://www.bachelorsportal.com/universities/11801/university-of-california-berkeley.html
10,,,4.0,3.0,11%,Fall 2026,,30 November,"$48,016/Year",,,,,,4 years,"$48,016/Year",Bachelor of Arts in Asian Studies,https://www.bachelorsportal.com/universities/11801/university-of-california-berkeley.html
12,,,,,11.4%,Fall 2026,,,"$48,012/Year",,,,,,4 years,"$48,012/Year",Bachelor of Science in Astrophysics,https://www.bachelorsportal.com/universities/11801/university-of-california-berkeley.html
12,College of Engineering,,4.0,3.4,11%,Fall 2026,"October 1, 2025","November 30, 2025","$48,600/Year",,,,,,4 years,"$48,600/Year",Bachelor of Science in Bioengineering,https://www.bachelorsportal.com/universities/11801/university-of-california-berkeley.html
12,College of Engineering,,4.0,2.0,11%,Fall 2026,,,,,,,,,4 years,,Bachelor of Science in Bioengineering - Materials Science and Engineering,https://engineering.berkeley.edu/students/undergraduate-guide/degree-requirements/major-programs/joint-majors/bioengineering-and-materials-science-engineering/
10,"Management, Technology and Engineering",,4.0,3.4,,Fall 2026,,30 Nov 2024,"$52,000/Year",,,,,,4 Years,"$52,000/Year",Bachelor of Science in Bioengineering and Business Administration,https://studymetro.my.site.com/demo/s/course-session/a0C2x00000POvyBEAT/pn394504
12,Haas School of Business,,4.0,3.0,4.5%,Fall 2026,,,"$16,522/Year",,,,,Merit-based and Need-based,4 years,"$16,522/Year",Bachelor of Science in Business Administration,https://haas.berkeley.edu/undergrad/
12,College of Letters and Science,,4.0,3.4,11%,Fall 2026,1 October,30 November,"$48,465/Year",,,,,,4 years,"$48,465/Year",Bachelor of Arts in Celtic Studies,https://www.bachelorsportal.com/universities/11801/university-of-california-berkeley.html
12,College of Chemistry,,,,11%,,,,,,,,,,4 years,,Bachelor of Science in Chemical Biology,https://www.reddit.com/r/berkeley/comments/c9m3qi/classes_for_an_incoming_chembio_major/
10,College of Chemistry,,,,,Fall 2026,,,"$48,465 / year",,,,,,4 years,"$48,465 / year",Bachelor of Science in Chemical Engineering,https://www.bachelorsportal.com/universities/11801/university-of-california-berkeley.html
10,College of Chemistry,,,3.0,11%,Fall 2026,"October 1, 2025","November 30, 2025","$48,574/Year",,,,,,4 years,"$48,574/Year",Bachelor of Science in Chemical Engineering - Materials Science and Engineering,https://www.bachelorsportal.com/universities/11801/university-of-california-berkeley.html
10,College of Chemistry,,,,11%,Fall 2026,,30 November,"$44,008/Year",,,,,,4 years,"$44,008/Year",Bachelor of Science in Chemical Engineering - Nuclear Engineering,https://www.bachelorsportal.com/universities/11801/university-of-california-berkeley.html
12,,,,,11%,Fall 2026,,30 November,"$44,007/Year",,,,,,4 years,"$44,007/Year",Bachelor of Science in Chemistry,https://www.bachelorsportal.com/universities/11801/university-of-california-berkeley.html
12,,,,3.0,11%,Fall 2026,,30 November,"$48,642/Year",,,,,,4 years,"$48,642/Year",Bachelor of Arts in Chicanx Latinx Studies,https://www.bachelorsportal.com/universities/11801/university-of-california-berkeley.html
12,College of Letters & Science,,4.0,,11%,Fall 2026,"October 1, 2025","November 30, 2025",,,,,,,4 years,"$44,007/Year",Bachelor of Arts in Chinese Language,https://discovery.berkeley.edu/students/major-maps/chinese-language-culture
10,College of Engineering,,,,11%,Fall 2026,,,44208,,,,,,4 years,"$44,208/Year",Bachelor of Science in Civil Engineering,https://www.bachelorsportal.com/universities/11801/university-of-california-berkeley.html
12,College of Letters and Science,,,,11%,Fall 2026,,30 November,"$44,007/Year",,,,,,4 years,"$44,007/Year",Bachelor of Arts in Classical Civilizations,https://www.bachelorsportal.com/universities/11801/university-of-california-berkeley.html
10,,,,,11%,Fall 2026,October 1,November 30,"$48,574/Year",,,,,,4 years,"$48,574/Year",Bachelor of Arts in Classical Languages,https://www.bachelorsportal.com/universities/11801/university-of-california-berkeley.html
12,,,4.0,3.4,11%,Fall 2026,,30 November,"$43,981/Year",,,,,,4 years,"$43,981/Year",Bachelor of Arts in Cognitive Science,https://www.bachelorsportal.com/universities/11801/university-of-california-berkeley.html
12,,,,3.0,11%,Fall 2026,,30 November,"$48,018/Year",,,,,,4 years,"$48,018/Year",Bachelor of Arts in Comparative Literature,https://www.bachelorsportal.com/universities/11801/university-of-california-berkeley.html
10,College of Letters and Science,,,,15%,Fall 2026,,,"$44,115/Year",,,,,,4 years,"$44,115/Year",Bachelor of Arts in Computer Science,https://news.ycombinator.com/item?id=36659166
12,,,,,11%,Fall 2026,,30 November,"$48,000/Year",,,,,,4 years,"$48,000/Year",Bachelor of Science in Conservation and Resource Studies,https://www.bachelorsportal.com/universities/11801/university-of-california-berkeley.html
12,College of Letters & Science,,,,,Fall 2026,,,"$48,700/Year",,,,,,4 years,"$48,700/Year",Bachelor of Arts in Dance and Performance Studies,https://discovery.berkeley.edu/students/major-maps/dance-performance-studies
12,College of Letters and Science,,,,11%,Fall 2026,,30 November,48630,,,,,,4 years,"$48,630/year",Bachelor of Arts in Data Science,https://www.bachelorsportal.com/universities/11801/university-of-california-berkeley.html
10,College of Letters and Science,,,,,Fall 2026,,,"$48,000/Year",,,,,,4 years,"$48,000/Year",Bachelor of Arts in Dutch Studies,https://www.bachelorsportal.com/universities/11801/university-of-california-berkeley.html
10,,,4.0,3.0,11%,Fall 2026,October 1,November 30,"$44,208/Year",,,,,,4 years,"$44,208/Year",Bachelor of Science in Earth and Planetary Science,https://www.bachelorsportal.com/universities/11801/university-of-california-berkeley.html
12,,,,,,Fall 2026,,30 Nov 2025,"$44,007/Year",,,,,,4 years,"$44,007/Year","Bachelor of Arts in East Asian Religion, Culture and Languages",https://www.bachelorsportal.com/universities/11801/university-of-california-berkeley.html
10,,,,,11.4%,,,,,,,,,,4 years,,Bachelor of Arts in Economics,https://www.bachelorsportal.com/universities/11801/university-of-california-berkeley.html
12,,,,,11%,Fall 2026,,,"€43,189/year",,,,,,4 years,"€43,189/year",Bachelor of Science in Ecosystem Management and Forestry,https://www.bachelorsportal.com/universities/11801/university-of-california-berkeley.html
10,College of Engineering,,,,11%,,,,"$14,226 (In-state), $43,980 (Out-of-state)",,,,,,4 years,"$14,226 (In-state), $43,980 (Out-of-state)",Bachelor of Science in Electrical Engineering & Computer Sciences,https://univadmithelp.com/blog/insights-information/best-us-universities-for-computer-science
12,College of Engineering,,4.0,2.0,,Fall 2026,,,,,,,,,4 years,,Bachelor of Science in Energy Engineering,https://engineering.berkeley.edu/students/undergraduate-guide/degree-requirements/major-programs/engineering-science/energy-engineering/
10,College of Engineering,,,3.0,11%,Fall 2026,,,"$48,574/Year",,,,,,4 years,"$48,574/Year",Bachelor of Science in Engineering Mathematics and Statistics,https://www.bachelorsportal.com/universities/11801/university-of-california-berkeley.html
12,College of Engineering,,4.0,2.0,11%,Fall 2026,"August 1, 2025","November 30, 2025","$48,514/Year",,,,,,4 years,"$48,514/Year",Bachelor of Science in Engineering Physics,https://undergraduate.catalog.berkeley.edu/programs/16315U
12,,,,,11%,Fall 2026,,30 November,"$48,000/Year",,,,,,4 years,"$48,000/Year",Bachelor of Arts in English,https://www.bachelorsportal.com/universities/11801/university-of-california-berkeley.html
12,College of Natural Resources,,,3.0,11%,Fall 2026,,November 30,"$48,574 / Year",,,,,,4 years,"$48,574 / Year",Bachelor of Science in Environmental Economics and Policy,https://www.bachelorsportal.com/universities/11801/university-of-california-berkeley.html
12,College of Engineering,,,,11%,Fall 2026,,30 November,"$48,574/Year",,,,,,4 years,"$48,574/Year",Bachelor of Science in Environmental Engineering Science,https://www.bachelorsportal.com/universities/11801/university-of-california-berkeley.html
12,,,,,11%,Fall 2026,,30 November,"$48,574/Year",,,,,,4 years,"$48,574/Year",Bachelor of Science in Environmental Sciences,https://www.bachelorsportal.com/universities/11801/university-of-california-berkeley.html
12,,,,,11%,Fall 2026,1 October 2025,30 November 2025,"$48,394/Year",,,,,,4 years,"$48,394/Year",Bachelor of Arts in Ethnic Studies,https://www.bachelorsportal.com/universities/11801/university-of-california-berkeley.html
12,,,,3.4,11%,Fall 2026,October 1,November 30,"$48,465/Year",,,,,,4 years,"$48,465/Year",Bachelor of Arts in Film and Media,https://www.bachelorsportal.com/universities/11801/university-of-california-berkeley.html
12,,,,,11%,Fall 2026,,November 30,"$48,465 / year",,,,,,4 years,"$48,465 / year",Bachelor of Arts in French,https://www.bachelorsportal.com/universities/11801/university-of-california-berkeley.html
12,College of Letters and Science,,,3.4,8.7%,Fall 2026,,,"$44,066/Year",,,,,,4 years,"$44,066/Year",Bachelor of Arts in Gender and Women's Studies,https://admissions.berkeley.edu/wp-content/uploads/AE_OUA_190702_Outreach_InternationalBifold_print_FINAL-pages-web.pdf
10,,,,,11%,Fall 2026,,30 Nov 2025,"$44,100/Year",,,,,,4 years,"$44,100/Year",Bachelor of Science in Genetics and Plant Biology,https://www.bachelorsportal.com/universities/11801/university-of-california-berkeley.html
12,,,,,15%,Fall 2026,,,"44,013 EUR/Year",,,,,,4 years,"44,013 EUR/Year",Bachelor of Arts in Geography,https://www.bachelorsportal.com/universities/11801/university-of-california-berkeley.html
12,,,,,,,,,"45,419 EUR/year",,,,,,4 years,"45,419 EUR/year",Bachelor of Arts in Geology,https://www.bachelorsportal.com/universities/11801/university-of-california-berkeley.html
12,College of Letters and Science,,4.0,3.0,,Fall 2026,"August 1, 2025","November 30, 2025",,,,,,Merit-based,4 years,,Bachelor of Arts in German,https://german.berkeley.edu/home
12,,,,,11%,Fall 2026,,30 Nov,"$44,180/Year",,,,,,4 years,"$44,180/Year",Bachelor of Arts in Global Studies,https://www.bachelorsportal.com/universities/11801/university-of-california-berkeley.html
12,College of Letters and Science,,,,11%,Fall 2026,,30 November,"$48,014/Year",,,,,,4 years,"$48,014/Year",Bachelor of Arts in History,https://www.bachelorsportal.com/universities/11801/university-of-california-berkeley.html
10,,,,,11%,Fall 2026,,30 Nov,"$48,154/Year",,,,,,4 years,"$48,154/Year",Bachelor of Arts in History of Art,https://www.bachelorsportal.com/universities/11801/university-of-california-berkeley.html
12,College of Engineering,,,,11%,Fall 2026,,,"$48,574/Year",,,,,,4 years,"$48,574/Year",Bachelor of Science in Industrial Engineering and Operations Research,https://www.bachelorsportal.com/universities/11801/university-of-california-berkeley.html
12,,,4.0,3.4,11%,,,,"$44,115/Year",,,,,,4 years,"$44,115/Year",Bachelor of Arts in Integrative Biology,https://www.bachelorsportal.com/universities/11801/university-of-california-berkeley.html
12,,,,,11%,Fall 2026,,,"$48,465/Year",,,,,,4 years,"$48,465/Year",Bachelor of Arts in Interdisciplinary Studies,https://www.bachelorsportal.com/universities/11801/university-of-california-berkeley.html
12,,,,,,Fall 2026,,30 November,"$43,905/Year",,,,,,4 years,"$43,905/Year",Bachelor of Arts in Italian Studies,https://www.bachelorsportal.com/universities/11801/university-of-california-berkeley.html
12,,,,,11%,Fall 2026,,30 November 2025,"44,061 EUR/year",,,,,,4 years,"44,061 EUR/year",Bachelor of Arts in Japanese Language,https://www.bachelorsportal.com/universities/11801/university-of-california-berkeley.html
12,College of Letters and Science,,,3.4,11%,Fall 2026,"October 1, 2025","November 30, 2025","$48,465/Year",,,,,,4 years,"$48,465/Year",Bachelor of Arts in Korean Language,https://www.bachelorsportal.com/universities/11801/university-of-california-berkeley.html
12,College of Environmental Design,,4.0,3.4,11%,Fall 2026,October 1,November 30,"$48,636/Year",,,,,,4 years,"$48,636/Year",Bachelor of Arts in Landscape Architecture,https://www.bachelorsportal.com/universities/11801/university-of-california-berkeley.html
12,College of Letters & Science,,4.0,3.0,11%,Fall 2026,"October 1, 2025","November 30, 2025","$16,104/Year",,,,,Merit-based and Need-based,4 years,"$16,104/Year",Bachelor of Arts in Latin American Studies,https://politicaleconomy.berkeley.edu/undergraduate-programs/the-political-economy-major/latin-american-studies/
12,,,4.0,,11%,Fall 2026,1 August 2025,30 November 2025,"$48,574/Year",,,,,,4 years,"$48,574/Year",Bachelor of Arts in Legal Studies,https://vertexaisearch.cloud.google.com/grounding-api-redirect/AUZIYQE0E9AmmnE2lSGQ9bg0jTIMsoSe6yY0_4qlbIPA1CHMHY6ZX8p1RJGVjQQuIzLAH_eAh__hT_31wfl_H875Aq8P7JTNjIApsx_WRZjvIjG9iIv1RpRFWwTXCESRkLjihZvreQ3hYuatzl7sMU6Z_T-UbNlPZoJvJJNnPk8=
12,,,4.0,3.4,11%,Fall 2026,"October 1, 2025","November 30, 2025","$44,008/Year",,,,,,4 years,"$44,008/Year",Bachelor of Arts in Linguistics,https://www.bachelorsportal.com/universities/11801/university-of-california-berkeley.html
12,College of Engineering,,,,11%,Fall 2026,,,"$48,465/Year",,,,,,4 years,"$48,465/Year",Bachelor of Science in Materials Science and Engineering,https://www.bachelorsportal.com/universities/11801/university-of-california-berkeley.html
12,College of Letters & Science,,4.0,3.0,11%,Fall 2026,,,"$44,066/Year",,,,,,4 years,"$44,066/Year",Bachelor of Arts in Mathematics,https://www.bachelorsportal.com/universities/11801/university-of-california-berkeley.html
10,College of Engineering,,,,11%,Fall 2026,,,"$48,014/Year",,,,,,4 years,"$48,014/Year",Bachelor of Science in Mechanical Engineering,https://www.bachelorsportal.com/universities/11801/university-of-california-berkeley.html
12,College of Letters & Science,,,,15%,Fall 2026,,,"$44,115/Year",,,,,,4 years,"$44,115/Year",Bachelor of Arts in Media Studies,https://www.bachelorsportal.com/universities/11801/university-of-california-berkeley.html
12,Rausser College of Natural Resources,,,,,Fall 2026,,,,,,,,,4 years,,Bachelor of Science in Microbial Biology,https://nature.berkeley.edu/advising/sample-plans
10,,,,,11%,Fall 2026,,,"$48,465/Year",,,,,,4 years,"$48,465/Year",Bachelor of Arts in Middle Eastern Studies,https://www.bachelorsportal.com/universities/11801/university-of-california-berkeley.html
12,,,,,11%,Fall 2026,,30 November,"$48,574/Year",,,,,,4 years,"$48,574/Year",Bachelor of Science in Molecular and Cell Biology,https://www.bachelorsportal.com/universities/11801/university-of-california-berkeley.html
12,College of Natural Resources,,,,15%,Fall 2026,,,"$44,007 / year",,,,,,4 years,"$44,007 / year",Bachelor of Science in Molecular Environmental Biology,https://www.bachelorsportal.com/universities/11801/university-of-california-berkeley.html
12,College of Letters & Science,,4.0,3.4,,Fall 2026,"August 1, 2025","November 30, 2025","$48,574/Year",,,,,,4 years,"$48,574/Year",Bachelor of Arts in Music,https://www.bachelorsportal.com/universities/11801/university-of-california-berkeley.html
12,,,,,11%,Fall 2026,,,"$48,574/Year",,,,,,4 years,"$48,574/Year",Bachelor of Arts in Native American Studies,https://www.bachelorsportal.com/universities/11801/university-of-california-berkeley.html
10,College of Letters and Science,,,,11%,Fall 2026,,30 November,"$52,246/Year",,,,,,4 years,"$52,246/Year",Bachelor of Arts in Near Eastern Studies,https://www.bachelorsportal.com/universities/11801/university-of-california-berkeley.html
12,College of Engineering,,4.0,3.4,11%,Fall 2026,,,"$48,574/Year",,,,,,4 years,"$48,574/Year",Bachelor of Science in Nuclear Engineering,https://www.bachelorsportal.com/universities/11801/university-of-california-berkeley.html
12,Rausser College of Natural Resources,,4.0,2.0,11%,Fall 2026,"August 1, 2025","November 30, 2025",48000,,,,,,4 years,"$48,000/Year",Bachelor of Science in Nutritional Sciences,https://guide.berkeley.edu/undergraduate/degree-programs/nutritional-sciences-physiology-metabolism/`
12,,,,,11%,Fall 2026,,,"$44,102/Year",,,,,,4 years,"$44,102/Year",Bachelor of Arts in Peace and Conflict Studies,https://www.bachelorsportal.com/universities/11801/university-of-california-berkeley.html
12,College of Letters and Science,,4.0,,,Fall 2026,,30 November 2025,"$48,636/year",,,,,,4 years,"$48,636/year",Bachelor of Arts in Philosophy,https://www.bachelorsportal.com/universities/11801/university-of-california-berkeley.html
12,,,,,,Fall 2026,,30 November,"$48,574/Year",,,,,,4 years,"$48,574/Year",Bachelor of Arts in Physics,https://www.bachelorsportal.com/universities/11801/university-of-california-berkeley.html
12,College of Letters and Science,,4.0,2.0,11%,Fall 2026,"August 1, 2025","November 30, 2025","$48,297/Year",,,,,,4 years,"$48,297/Year",Bachelor of Arts in Political Economy,https://politicaleconomy.berkeley.edu/
10,College of Letters & Science,,,3.4,11%,Fall 2026,,30 Nov,"$48,574/Year",,,,,,4 years,"$48,574/Year",Bachelor of Arts in Political Science,https://www.bachelorsportal.com/universities/11801/university-of-california-berkeley.html
12,College of Letters and Science,,,3.0,,Fall 2026,,,"$44,178/Year",,,,,,4 years,"$44,178/Year",Bachelor of Arts in Psychology,https://psychology.berkeley.edu/undergraduate/academic-overview
12,School of Public Health,,4.0,2.0,11.4%,Fall 2026,"August 1, 2025","November 30, 2025",,,,,,,4 years,,Bachelor of Arts in Public Health,https://discovery.berkeley.edu/students/major-maps/public-health
12,,,,,11%,Fall 2026,,,"$44,007/year",,,,,,4 years,"$44,007/year",Bachelor of Arts in Religious Studies,https://www.bachelorsportal.com/universities/11801/university-of-california-berkeley.html
12,College of Letters & Science,,4.0,2.0,11%,Fall 2026,,,,,,,,Merit-based prizes and awards,4 years,,Bachelor of Arts in Rhetoric,https://rhetoric.berkeley.edu/home
12,,,,,11%,Fall 2026,,30 November,"$44,007/Year",,,,,,4 years,"$44,007/Year",Bachelor of Arts in Scandinavian,https://www.bachelorsportal.com/universities/11801/university-of-california-berkeley.html
10,,,,,,Fall 2026,,,"$44,008/Year",,,,,,4 years,"$44,008/Year",Bachelor of Arts in Slavic Languages and Literatures,https://www.bachelorsportal.com/universities/11801/university-of-california-berkeley.html
12,School of Social Welfare,,4.0,2.0,,Fall 2026,,"November 30, 2025","$48,000/Year",,,,,,4 years,"$48,000/Year",Bachelor of Arts in Social Welfare,https://undergraduate.catalog.berkeley.edu/programs/25864U
12,,,,,11%,Fall 2026,,,"$48,465/Year",,,,,,4 years,"$48,465/Year",Bachelor of Arts in Society and Environment,https://www.bachelorsportal.com/universities/11801/university-of-california-berkeley.html
12,,,,,11%,Fall 2026,,,"$48,014/Year",,,,,,4 years,"$48,014/Year",Bachelor of Arts in Sociology,https://www.bachelorsportal.com/universities/11801/university-of-california-berkeley.html
10,,,,,11%,Fall 2026,,,"$48,465/Year",,,,,,4 years,"$48,465/Year",Bachelor of Arts in South & Southeast Asian Studies,https://www.bachelorsportal.com/universities/11801/university-of-california-berkeley.html
12,,,,,11%,Fall 2026,,30 November,"$48,018/Year",,,,,,4 years,"$48,018/Year",Bachelor of Arts in Spanish & Portuguese,https://www.bachelorsportal.com/universities/11801/university-of-california-berkeley.html
12,,,,,11%,Fall 2026,,30 November,"$48,574/Year",,,,,,4 years,"$48,574/Year",Bachelor of Arts in Statistics,https://www.bachelorsportal.com/universities/11801/university-of-california-berkeley.html
12,College of Environmental Design,,4.0,3.0,,Fall 2026,,November 30,"$52,416/Year",,,,,,4 years,"$52,416/Year",Bachelor of Arts in Sustainable Environmental Design,https://ced.berkeley.edu/news/sustainable-environmental-design
12,College of Letters & Science,,4.0,3.4,11%,Fall 2026,,30 November,"$43,980 / year",,,,,,4 years,"$43,980 / year",Bachelor of Arts in Theater and Performance Studies,https://www.bachelorsportal.com/universities/11801/university-of-california-berkeley.html
12,College of Environmental Design,,4.0,3.0,11%,Fall 2026,"October 1, 2025","November 30, 2025","$48,000/Year",,,,,,4 years,"$48,000/Year",Bachelor of Arts in Urban Studies,https://www.bachelorsportal.com/universities/11801/university-of-california-berkeley.html
