Id,ProgramName,ProgramCode,Status,CreatedDate,UpdatedDate,Level,Term,TermCode,LiveDate,DeadlineDate,Resume,StatementOfPurpose,GreOrGmat,EnglishScore,Requirements,WritingSample,CollegeId,IsAnalyticalNotRequired,IsAnalyticalOptional,IsDuoLingoRequired,IsELSRequired,IsGMATOrGreRequired,IsGMATRequired,IsGRERequired,IsIELTSRequired,IsLSATRequired,IsMATRequired,IsMCATRequired,IsPTERequired,IsTOEFLIBRequired,IsTOEFLPBTRequired,IsEnglishNotRequired,IsEnglishOptional,AcademicYear,AlternateProgram,ApplicationType,Department,Fees,IsAvailable,ProgramType,AdmissionDepartmentId,CreatedBy,UpdatedBy,Concentration,Description,OtherConcentrations,ProgramWebsiteURL,Accredidation,AverageScholarshipAmount,CostPerCredit,IsRecommendationSystemOpted,IsStemProgram,MaxFails,MaxGPA,MinGPA,PreviousYearAcceptanceRates,QsWorldRanking,TotalAccepetedApplications,TotalCredits,TotalDeniedApplications,TotalI20sIssued,TotalScholarshipsAwarded,TotalSubmittedApplications,TotalVisasSecured,UsNewsRanking,CollegeApplicationFee,IsCollegePaying,MEContractNegotiatedFee,MyGradAppFee,ProgramCategory,IsCollegeApplicationFree,IsCouponAllowed,IsACTRequired,IsSATRequired,SftpDestinationId,MinimumACTScore,MinimumDuoLingoScore,MinimumELSScore,MinimumGMATScore,MinimumGreScore,MinimumIELTSScore,MinimumMATScore,MinimumMCATScore,MinimumPTEScore,MinimumSATScore,MinimumTOEFLScore,MLModelName,MinimumAnalyticalScore,MinimumEnglishScore,MinimumExperience,MinimumSopRating,WeightAnalytical,WeightEnglish,WeightExperience,WeightGPA,WeightSop,ScholarshipAmount,ScholarshipPercentage,ScholarshipType,IsNewlyLaunched,BatchId,IsImported,IsImportVerified,Is_Recommendation_Sponser,AnalyticalScore,MinimumLSATScore
,Professional Studies Graduate Certificate in Ministry,,,,,Graduate-Certificate,Fall 2026,,,,Not Required,Not Required,Not Required,Required,,Not Required,,True,True,False,False,False,False,False,False,False,False,False,False,True,False,False,False,,,,,,,,,,,,"The Professional Studies Graduate Certificate in Ministry is a unique academic program designed to help prepare participants to best proclaim the gospel in response to the legacy of concerns caused by the impact of Covid-19 on ministerial efforts in five specific areas.  The Certificate is a great choice for those who already have a degree, but would like to stay current within the field, and for those who are interested in elevating their career options without the expense of a master's degree.",,https://www.amridgeuniversity.edu,,,760.0,FALSE,False,,,,,,,,,,,,,,,,,,Religion##Theology##Religious Studies,,,False,False,,,,,,,,,,,,79.0,,,,,,,,,,,,,"Military, First Time Freshmen, Ministers, Corporate Alliance",FALSE,,,FALSE,FALSE,,
,Master of Arts in Interdisciplinary Studies,,,,,Graduate,Fall 2026,,,,Not Required,Not Required,Not Required,Required,,Not Required,,True,True,False,False,False,False,False,True,False,False,False,False,True,False,False,False,,,,,,,,,,,"Business Administration, Counseling, Marriage and Family Therapy, Leadership, Ministry, Biblical Studies","The Master of Arts in Interdisciplinary Studies allows students to combine two academic disciplines to create a graduate program specific to their career goals and interests.  This unique degree program can be personalized for students' whose career needs are not satisfied by traditional degree plans.  Upon acceptance, the student will choose courses from multiple disciplines and design an individual plan of study with guidance from a Faculty Mentor and Academic Advisor.",,https://www.amridgeuniversity.edu/,,,750.0,FALSE,False,,,2.0,,,,,,,,,,,,,,,Interdisciplinary Studies##Business Administration##Counseling##Marriage and Family Therapy##Theology##Humanities,,,False,False,,,,,,,,,,,,,,,,,,,,,,,,,"Federal Financial Aid, Military Students, First Time Freshmen, Ministers, Corporate Alliance partners",FALSE,,,FALSE,FALSE,,
,Master of Arts in Marriage and Family Therapy,,,,,Graduate,Fall 2026,,,,Not Required,Not Required,Not Required,Required,,Not Required,,True,True,False,False,False,False,False,True,False,False,False,False,True,False,False,False,,,,,,,,,,,,"The Master of Arts (MA) in Marriage and Family Therapy is a professional-level degree program where experiences provide the foundation for marriage and family therapy theory, scientific research, and clinical practice.  Students learn the different approaches and clinical techniques required for today's practitioners offering therapeutic services to individuals, couples, and families.  A major goal of this program is to help prepare students for licensure in Marriage and Family Therapy in their resident state.",,https://www.amridgeuniversity.edu/,,,650.0,FALSE,False,,,3.0,,,,,,,,,,,,,,,Marriage and Family Therapy##Counseling,,,False,False,,,,,,,,,,,,,,,,,,,,,,,,,,FALSE,,,FALSE,FALSE,,
,Master of Arts in Professional Counseling,,,,,Graduate,Fall 2026,,,,Not Required,Not Required,Not Required,Required,,Not Required,,True,True,False,False,False,False,False,False,False,False,False,False,False,False,True,False,,,,,,,,,,,,"The Master of Arts (MA) in Professional Counseling provides a foundation in psychology theory, scientific research, and clinical practice, preparing students for licensure in Professional Counseling.  Graduates are equipped to offer therapeutic services in various settings like churches, private practices, and community agencies.  The program also serves as a basis for advanced studies in related fields.",,https://www.amridgeuniversity.edu/,,,750.0,FALSE,False,,,,,,,,,,,,,,,,,,Counseling##Psychology##Human Services,,,False,False,,,,,,,,,,,,,,,,,,,,,,,,,"Federal Financial Aid, Scholarships, Loans",FALSE,,,FALSE,FALSE,,
,Master of Arts in Christian Education,,,,,Graduate,Fall 2026,,,,Not Required,Not Required,Not Required,Required,,Not Required,,True,True,False,False,False,False,False,False,False,False,False,False,True,False,False,False,,,,,,,,,,,,The Master of Arts in Christian Education is a 36-semester-hour program designed to be completed in four semesters. The curriculum focuses on developing a biblical philosophy of Christian education and effective leadership skills for church settings and other organizations. It also emphasizes the use of sound interpretation principles for biblical texts and the application of curriculum and instruction principles.,,https://www.amridgeuniversity.edu/,,,515.0,FALSE,False,,,2.0,,,,,,,,,,,,,,,Education##Religion##Theology,,,False,False,,,,,,,,,,,,79.0,,,,,,,,,,,,,"Military Students, First Time Freshmen, Ministers, Corporate Alliance partners, Federal Financial Aid",FALSE,,,FALSE,FALSE,,
,Master of Arts in New Testament Studies,,,,,Graduate,Fall 2026,,,,Not Required,Not Required,Not Required,Required,,Not Required,,True,True,False,False,False,False,False,True,False,False,False,False,True,False,False,False,,,,,,,,,,,,"The Master of Arts (MA) in New Testament Studies is a graduate degree that offers a specialization in the New Testament of the Bible.  Courses include the study of texts in the Greek New Testament, New Testament backgrounds, and on proper contextual interpretation.  This program provides a foundation for students to pursue a Doctor of Philosophy in Biblical Studies in New Testament.",,https://www.amridgeuniversity.edu/,,,760.0,FALSE,False,,,2.0,,,,,,,,,,,,,,,Theology##Religious Studies##Religion,,,False,False,,,,,,,,,,,,,,,,,,,,,,,,,"Military Students, First Time Freshmen, Ministers, and Corporate Alliance partners",FALSE,,,FALSE,FALSE,,
,Master of Arts in Old Testament Studies,,,,,Graduate,Fall 2026,,,,Not Required,Not Required,Not Required,Required,,Not Required,,True,True,False,False,False,False,False,False,False,False,False,False,True,False,False,False,,,,,,,,,,,,"The Master of Arts in Old Testament Studies offers a specialization in the Old Testament of the Bible, with courses covering texts in the Hebrew Old Testament, Old Testament backgrounds, and proper contextual interpretation. This program emphasizes proficiency in the Hebrew language and scholarly biblical research and writing. It is designed to provide a strong foundation for students who intend to pursue a Doctor of Philosophy in Biblical Studies in the Old Testament.",,https://www.amridgeuniversity.edu/,,,500.0,FALSE,False,,,,,,,,,,,,,,,,,,Religion##Religious Studies##Theology,,,False,False,,,,,,,,,,,,79.0,,,,,,,,,,,,,"Grants, Scholarships, Loans",FALSE,,,FALSE,FALSE,,
,Master of Business Administration,,,,,Graduate,Fall 2026,,,,Not Required,Not Required,Not Required,Required,,Not Required,,True,True,False,False,False,False,False,True,False,False,False,False,True,False,False,False,,,,,,,,,,,,"The Master of Business Administration (MBA) at Amridge University provides practical training in finance, accounting, information systems, research, and ethical leadership.  The program is designed for those looking to advance their current careers or move into leadership roles.  Graduates are prepared for work in corporate, non-profit, and Christian ministry settings.",,https://www.amridgeuniversity.edu,,,760.0,FALSE,False,,,3.0,,,,,,,,,,,,,,,Business Administration,,,False,False,,,,,,,,,,,,,,,,,,,,,,,,,"Military, First Time Freshmen, Ministers, Corporate Alliance partners",FALSE,,,FALSE,FALSE,,
,Master of Divinity,,,,,Graduate,Fall 2026,,,,Not Required,Not Required,Not Required,Not Required,,Not Required,,True,True,False,False,False,False,False,False,False,False,False,False,False,False,True,False,,,,,,,,,,,"Ministerial Leadership, Marriage and Family Therapy, Professional Counseling","The Master of Divinity (MDiv) degree prepares qualified persons to be effective Christian ministers and church leaders who will use their gifts and knowledge in proclaiming the gospel, strengthening the church, and serving humanity. The program is biblical in orientation with exposure to theological and historical studies, seeking to provide Christian service that is both scholarly and relevant to contemporary life.",,https://www.amridgeuniversity.edu,,,750.0,FALSE,False,,,2.0,,,,,,,,,,,,,,,Theology##Religion##Religious Studies,,,False,False,,,,,,,,,,,,,,,,,,,,,,,,,"Merit-based, Need-based, Military Students, First Time Freshmen, Ministers, Corporate Alliance partners",FALSE,,,FALSE,FALSE,,
,Master of Divinity in Marriage and Family Therapy,,,,,Graduate,Fall 2026,,,,Not Required,Not Required,Not Required,Required,,Not Required,,True,True,True,False,False,False,False,True,False,False,False,False,True,True,False,False,,,,,,,,,,,,"The Master of Divinity (MDiv) in Marriage and Family Therapy is a professional-level degree program for individuals planning to enter or continue careers in full-time ministry. This program provides students with extensive studies in the biblical text and thorough preparation in theology and practical ministry. It also provides a foundation for marriage and family therapy theory, scientific research, and clinical practice, helping prepare students for licensure in Marriage and Family Therapy (LMFT).",,https://www.amridgeuniversity.edu/,,,650.0,FALSE,False,,,,,,,,,,,,,,,,,,Theology##Marriage and Family Therapy##Counseling,,,False,False,,,95.0,,,,6.0,,,,,61.0,,,,,,,,,,,,,"Grants, Scholarships, Loans",FALSE,,,FALSE,FALSE,,
,Master of Divinity in Professional Counseling,,,,,Graduate,Fall 2026,,,,Not Required,Not Required,Not Required,Required,,Not Required,,True,True,False,False,False,False,False,False,False,False,False,False,True,False,False,False,,,,,,,,,,,,"The Master of Divinity (MDiv) in Professional Counseling is a professional-level degree program for individuals planning to enter or continue careers in full-time ministry. This program provides students with extensive studies in biblical text and thorough preparation in theology, while also offering a foundation in psychology theory, scientific research, and clinical practice to prepare them for state licensure as a Professional Counselor (LPC).",,https://www.amridgeuniversity.edu/,,,650.0,FALSE,False,,,,,,,,,,,,,,,,,,Counseling##Theology##Religious Studies,,,False,False,,,,,,,,,,,,79.0,,,,,,,,,,,,,"Need-based, Grants, Discounts",FALSE,,,FALSE,FALSE,,
,Master of Divinity in Ministerial Leadership,,,,,Graduate,Fall 2026,,,,Not Required,Not Required,Not Required,Required,,Not Required,,True,True,False,False,False,False,False,True,False,False,False,False,True,False,False,False,,,,,,,,,,,,"The Master of Divinity (MDiv) in Ministerial Leadership is a professional-level degree program for individuals planning to enter or continue careers in full-time ministry. A major element of this program provides students with extensive studies in the biblical text and thorough preparation in theology and various areas of practical ministry. The program prepares students for admission to more advanced studies, such as the Doctor of Ministry degree program.",,https://www.amridgeuniversity.edu,,,515.0,FALSE,False,,,2.0,,,,,,,,,,,,,,,Theology##Religion##Religious Studies,,,False,False,,,,,,,,,,,,,,,,,,,,,,,,,Financial Aid,FALSE,,,FALSE,FALSE,,
,Master of Science in Christian Ministry,,,,,Graduate,Fall 2026,,,,Not Required,Not Required,Not Required,Required,,Not Required,,True,True,False,False,False,False,False,False,False,False,False,False,True,False,False,False,,,,,,,,,,,,The Master of Science (MS) in Christian Ministry is designed to prepare students to serve more effectively in their respective ministry environments. Students will receive advanced ministerial training via the core course requirements and may select from a variety of elective courses to enhance their training in a specific area of interest. This program provides a proper foundation for students to pursue more advanced studies and is open to applicants who hold a four-year bachelor's degree in any field of study.,,https://www.amridgeuniversity.edu/,,,515.0,FALSE,False,,,2.0,,,,,,,,,,,,,,,Religion##Religious Studies##Theology,,,False,False,,,,,,,,,,,,79.0,,,,,,,,,,,,,"Grants, Scholarships, Loans",FALSE,,,FALSE,FALSE,,
,Master of Science in Human Services,,,,,Graduate,Fall 2026,,,,Not Required,Not Required,Not Required,Required,,Not Required,,True,True,False,False,False,False,False,True,False,False,False,False,True,False,False,False,,,,,,,,,,,"family studies, ministry","The Master of Science in Human Services is a non-licensure program designed to introduce students to the dynamics of human development and interaction.  Students will develop an in-depth understanding of the primary models, theories, and techniques used in individual, group, and family counseling.  This program prepares graduates to work in settings such as private life coaching, church settings, governmental agencies, or community agencies.",,https://www.amridgeuniversity.edu/,,,675.0,FALSE,False,,,2.0,,,,,,,,,,,,,,,Human Services##Counseling##Social Work and Human Services,,,False,False,,,,,,,,,,,,,,,,,,,,,,,,,"Merit-based, Corporate Alliance Award, Accelerated Degree Grant Program",FALSE,,,FALSE,FALSE,,
,Master of Science in Leadership and Management,,,,,Graduate,Fall 2026,,,,Not Required,Not Required,Not Required,Required,,Not Required,,True,True,False,False,False,False,False,True,False,False,False,False,True,False,False,False,,,,,,,,,,,,"The Master of Science in Leadership and Management is designed to provide graduates with critical skills and knowledge for today's competitive workplace.  The program emphasizes team building, leadership development, conflict resolution, and other management skills within a context of ethical and moral approaches.",,https://www.amridgeuniversity.edu/,,,650.0,FALSE,False,,,2.0,,,,,,,,,,,,,,,Business/Management##Leadership,,,False,False,,,,,,,,,,,,,,,,,,,,,,,,,,FALSE,,,FALSE,FALSE,,
,Master of Science in Ministerial Leadership,,,,,Graduate,Fall 2026,,,,Not Required,Not Required,Not Required,Required,,Not Required,,True,True,False,False,False,False,False,False,False,False,False,False,False,False,True,False,,,,,,,,,,,,"The Master of Science in Ministerial Leadership is a professional-level degree designed to prepare students for work in Christian ministry with a practitioner's approach to Biblical studies.  This program provides a foundation for students to pursue more advanced studies and degree programs.  Upon completion, graduates will be able to demonstrate knowledge of leadership principles, effectively make decisions, communicate, and address conflict while leading an organization from a values-based position.",,https://www.amridgeuniversity.edu/,,,565.0,FALSE,False,,,,,,,,,,,,,,,,,,Religion##Theology##Religious Studies,,,False,False,,,,,,,,,,,,,,,,,,,,,,,,,"Grants, Scholarships, Loans",FALSE,,,FALSE,FALSE,,
,Doctor of Education in Higher Education Administration,,,,,Doctoral,Fall 2026,,,,Not Required,Not Required,Not Required,Required,,Required,,True,True,False,False,False,False,False,False,False,False,False,False,True,False,False,False,,,,,,,,,,,,"The Doctor of Education in Higher Education Administration curriculum prepares current and future leaders for executive level positions within postsecondary institutions. With a programmatic emphasis in research, institutional effectiveness, student services, curriculum development, finance, law, and future trends, students will develop the theoretical skills necessary to effectively address real-world problems within higher education.",,https://www.amridgeuniversity.edu/,,,675.0,FALSE,False,,,,,,,,,,,,,,,,,,Education##Administration,,,False,False,,,,,,,,,,,,79.0,,,,,,,,,,,,,"Federal Financial Aid, Military Students, First Time Freshmen, Ministers, Corporate Alliance",FALSE,,,FALSE,FALSE,,
,Doctor of Ministry,,,,,Doctoral,Fall 2026,,,,Not Required,Not Required,Not Required,Required,,Required,,True,True,False,False,False,False,False,False,False,False,False,False,False,False,True,False,,,,,,,,,,,Family Therapy,"The Doctor of Ministry (DMin) degree program is for qualified persons currently engaged in ministry. The program's goal is to develop effective Christian ministers by combining theological reflection with continued spiritual growth, leading to greater competence in ministerial skills. The curriculum utilizes the candidate's own work setting as a primary learning resource, with much of the coursework involving in-service projects.",,https://www.amridgeuniversity.edu,,,535.0,FALSE,False,,,3.0,,,,,,,,,,,,,,,Theology##Religion,,,False,False,,,,,,,,,,,,,,,,,,,,,,,,,,FALSE,,,FALSE,FALSE,,
,Doctor of Ministry in Family Therapy I,,,,,Doctoral,Fall 2026,,,,Not Required,Not Required,Not Required,Not Required,,Not Required,,True,True,False,False,False,False,False,False,False,False,False,False,False,False,True,False,,,,,,,,,,,,The Doctor of Ministry (DMin) in Family Therapy I is an advanced professional degree designed for those in community organizations and church-related vocations. This program integrates academic knowledge with practical application to prepare students for ministry focused on family therapy and counseling.,,https://www.amridgeuniversity.edu,,,715.0,FALSE,False,,,,,,,,,,,,,,,,,,Theology##Counseling##Marriage and Family Therapy,,,False,False,,,,,,,,,,,,,,,,,,,,,,,,,Scholarship and/or loans,FALSE,,,FALSE,FALSE,,
,Doctor of Ministry in Family Therapy II,,,,,Doctoral,Fall 2026,,,,Not Required,Not Required,Not Required,Required,,Required,,True,True,False,False,False,False,False,False,False,False,False,False,True,False,False,False,,,,,,,,,,,"Counseling with Couples, Counseling with Families, Counseling with Individuals","The Doctor of Ministry (DMin) in Family Therapy II is an advanced professional degree for community organizations and church-related vocations. This degree has three concentrations designed to prepare participants to counsel with couples, families, and individuals. Being a capstone program, it infuses academics and practice to prepare students for family therapy and counseling ministry and is designed for students who have a Master of Divinity in a related field.",,https://www.amridgeuniversity.edu,,,715.0,FALSE,False,,,3.0,,,,,,,,,,,,,,,Marriage and Family Therapy##Theology##Counseling##Religion,,,False,False,,,,,,,,,,,,,,,,,,,,,,,,,"Grants, Scholarships, Loans, Military Students, First Time Freshmen, Ministers, Corporate Alliance partners",FALSE,,,FALSE,FALSE,,
,Doctor of Philosophy in Biblical Studies – New Testament,,,,,Doctoral,Fall 2026,,,,Not Required,Not Required,Not Required,Required,,Required,,True,True,True,False,False,False,False,True,False,False,False,False,True,True,False,False,,,,,,,,,,,"New Testament, Old Testament","The Doctor of Philosophy (PhD) in Biblical Studies program is designed to prepare students for academic teaching, research, and scholarly writing in the fields of Old or New Testament.  Students choose one of these as a concentration and will complete a comprehensive examination and a dissertation in that area.  The curriculum equips students with critical skills for analyzing, interpreting, and explaining biblical texts, preparing them for roles in universities, seminaries, and for higher-level service to the church.",,https://www.amridgeuniversity.edu/,,,750.0,FALSE,False,,,,,,,,,,,,,,,,,,Theology##Religious Studies##Philosophy##Religion,,,False,False,,,95.0,,,,6.0,,,,,79.0,,,,,,,,,,,,,Federal Financial Aid,FALSE,,,FALSE,FALSE,,
,Doctor of Philosophy in Biblical Studies – Old Testament,,,,,Doctoral,Fall 2026,,,,Not Required,Not Required,Not Required,Not Required,,Not Required,,True,True,False,False,False,False,False,False,False,False,False,False,False,False,True,False,,,,,,,,,,,Old Testament,"The Doctor of Philosophy (PhD) degree in Biblical Studies aims to equip students for academic teaching, research, and scholarly writing in the fields of Old Testament and New Testament. The program is designed to prepare students to teach Bible and biblical languages in academic institutions and to produce scholarly work. This rigorous, research-oriented study consists of 51 semester hours beyond a relevant master's degree.",,https://www.amridgeuniversity.edu/,,,780.0,FALSE,False,,,,,,,,,,,,,,,,,,Religion##Religious Studies##Theology,,,False,False,,,,,,,,,,,,,,,,,,,,,,,,,"Grants, scholarships or loans",FALSE,,,FALSE,FALSE,,
,Doctor of Philosophy in Interdisciplinary Studies,,,,,Doctoral,Fall 2026,,,,Not Required,Not Required,Not Required,Not Required,,Not Required,,True,True,False,False,False,False,False,False,False,False,False,False,False,False,True,False,,,,,,,,,,,"Counseling, Marriage and Family Therapy, Leadership, Ministry, Biblical Studies","The Doctor of Philosophy in Interdisciplinary Studies is designed to prepare students for academic teaching, research, and service in a variety of professions in which interpersonal relationships are of great importance.  Upon acceptance, students choose courses from multiple disciplines such as Counseling, Marriage and Family Therapy, Leadership, Ministry, and Biblical Studies to design an individual plan of study.  This flexibility attracts students from various academic and professional backgrounds including human services, business, education, and ministry.",,https://www.amridgeuniversity.edu,,,700.0,FALSE,False,,,,,,,,,,,,,,,,,,Interdisciplinary Studies##Counseling##Theology##Business/Management##Religion,,,False,False,,,,,,,,,,,,,,,,,,,,,,,,,"Grants, Scholarships, Loans",FALSE,,,FALSE,FALSE,,
,Doctor of Philosophy in Marriage and Family Therapy,,,,,Doctoral,Fall 2026,,,,Not Required,Not Required,Not Required,Required,,Required,,True,True,False,False,False,False,False,True,False,False,False,False,True,False,False,False,,,,,,,,,,,"Quality Practice and Fiscal Systems, Teaching Practicum","The Doctor of Philosophy (PhD) in Marriage and Family Therapy at Amridge University is a 60-semester hour, research-oriented program designed for students who have already completed the coursework for professional licensure. The program focuses on intensive studies in marriage and family therapy theories, human development, abuse and addiction, cultural diversity, and research. This program is delivered through a combination of traditional classroom settings and online formats.",,https://www.amridgeuniversity.edu,,,715.0,FALSE,False,,,,,,,,,,,,,,,,,,Marriage and Family Therapy##Counseling##Psychology,,,False,False,,,,,,,,,,,,79.0,,,,,,,,,,,,,Scholarship and/or loans,FALSE,,,FALSE,FALSE,,
,Doctor of Philosophy in Organizational Leadership and Management,,,,,Doctoral,Fall 2026,,,,Not Required,Not Required,Not Required,Required,,Required,,True,True,False,False,False,False,False,False,False,False,False,False,True,False,False,False,,,,,,,,,,,,"The Doctor of Philosophy in Organizational Leadership and Management is an advanced degree program designed for professionals who desire to incorporate research-driven strategies and evidence-based concepts into their work. Throughout this course of study, students will improve their research skills and enhance their ability to lead and manage in diverse environments, equipping them to address the most prevalent challenges organizations face today.",,https://www.amridgeuniversity.edu,,,700.0,FALSE,False,,,,,,,,,,,,,,,,,,Business/Management##Organizational Development,,,False,False,,,,,,,,,,,,79.0,,,,,,,,,,,,,"Scholarships, loans",FALSE,,,FALSE,FALSE,,
,Doctor of Philosophy in Professional Counseling,,,,,Doctoral,Fall 2026,,,,Not Required,Not Required,Not Required,Required,,Required,,True,True,False,False,False,False,False,False,False,False,False,False,True,False,False,False,,,,,,,,,,,"Quality Practice and Fiscal Systems, Teaching Practicum","Offered through the Amridge University School of Human Services, the Doctor of Philosophy (PhD) Degree in Professional Counseling is a 60-semester hour rigorous research-oriented program designed for students who have already completed the coursework required for professional licensure.  The program focuses on intensive studies in counseling theories, human development, abuse and addiction, cultural diversity, and research.  This degree is not intended to lead to professional licensure but rather to build upon existing credentials with advanced scholarship and therapeutic expertise.",,https://www.amridgeuniversity.edu,,,715.0,FALSE,False,,,,,,,,,,,,,,,,,,Counseling##Psychology##Human Services,,,False,False,,,,,,,,,,,,79.0,,,,,,,,,,,,,Scholarship and/or loans,FALSE,,,FALSE,FALSE,,
,Doctor of Philosophy in Biblical Studies,,,,,Doctoral,Fall 2026,,,,Not Required,Not Required,Not Required,Required,,Not Required,,True,True,False,False,False,False,False,False,False,False,False,False,False,False,True,False,,,,,,,,,,,"Old Testament, New Testament","The Doctor of Philosophy (PhD) in Biblical Studies is a rigorous, research-oriented program designed to equip students for academic teaching, research, and scholarly writing in the fields of Old Testament and New Testament.  This 51-semester-hour program prepares graduates for teaching roles in universities, seminaries, and colleges, as well as for higher-level service to the church.  Students will develop skills in original research and the competent use of biblical languages like Hebrew and Greek.",,https://www.amridgeuniversity.edu,,,750.0,FALSE,False,,,3.0,,,,,,,,,,,,,,,Religion##Theology##Religious Studies,,,False,False,,,,,,,,,,,,,,,,,,,,,,,,,"Federal Financial Aid, Military, Ministers, Corporate Alliance",FALSE,,,FALSE,FALSE,,
,Associate of Arts in Business Administration,,,,,Associate,Fall 2026,,,,Not Required,Not Required,,Required,,Not Required,,True,True,False,False,False,False,False,True,False,False,False,False,True,False,False,False,,,,,,,,,,,,"The Associate of Arts in Business Administration program provides students with the opportunity to complete an initial college degree while establishing a solid academic foundation for a bachelor's degree in business.  Graduates will be prepared in the essential areas of accounting, management, and marketing.  The program requires 64 semester credit hours, including general education, core business courses, and electives.",,https://www.amridgeuniversity.edu,,,395.0,FALSE,False,,,,,,,,,,,,,,,,,,Business Administration##Business/Management,,,True,True,,18.0,,,,,,,,,900.0,,,,,,,,,,,,,,"Merit-based, Need-based, Corporate Alliance, First-time Freshman",FALSE,,,FALSE,FALSE,,
,Associate of Arts in Human Resource Leadership,,,,,Associate,Fall 2026,,,,Not Required,Not Required,,Required,,Not Required,,True,True,False,False,False,False,False,True,False,False,False,False,True,False,False,False,,,,,,,,,,,,"The Associate of Arts in Human Resource Leadership program provides students with opportunities to complete an initial college degree while establishing a solid academic foundation for a bachelor's degree in business and human resources.  Students will study human effort, relationships, and leadership, as well as how to secure and maintain those who make up the organization.  Upon completion, graduates will be able to analyze basic business concepts and demonstrate entry-level skills in areas like organizational behavior, management information systems, and management communication.",,https://www.amridgeuniversity.edu,,,455.0,FALSE,False,,,2.0,,,,,,,,,,,,,,,Human Resources##Business/Management,,,True,True,,18.0,,,,,,,,,900.0,,,,,,,,,,,,,,Grants,FALSE,,,FALSE,FALSE,,
,Associate of Arts in Information Systems Management,,,,,Associate,Fall 2026,,,,Not Required,Not Required,,Required,,Not Required,,True,True,False,False,False,False,False,True,False,False,False,False,True,False,False,False,,,,,,,,,,,,"The Associate of Arts in Information Systems Management program provides students with opportunities to complete an initial college degree while establishing a solid academic foundation for a bachelor's degree in the field of information systems.  Upon completing the associate degree, a student may have completed one-half of the requirements for a bachelor's degree.  The program is designed to equip students with basic knowledge of business principles and the ability to plan, acquire, and build information systems in a business setting.",,https://www.amridgeuniversity.edu,,,335.0,FALSE,False,,,3.25,,,,,,,,,,,,,,,Business Information Systems##Information Systems##Management,,,True,True,,18.0,,,,,,,,,900.0,,,,,,,,,,,,,,Grants,FALSE,,,FALSE,FALSE,,
,Associate of Arts in Web Development,,,,,Associate,Fall 2026,,,,Not Required,Not Required,,Required,,Not Required,,True,True,False,False,False,False,False,True,False,False,False,False,True,False,False,False,,,,,,,,,,,,"The Associate of Arts in Web Development program provides students with opportunities to complete an initial college degree while establishing a solid academic foundation for a bachelor's degree in the field of business.  This associate degree requires 20 credit hours of general education and 44 credit hours of prescribed core courses.  Upon completing the associate degree, a student may have completed one-half of the requirements for a bachelor's degree.",,https://www.amridgeuniversity.edu,,,335.0,FALSE,False,,,2.0,,,,,,,,,,,,,,,Computer Science and Technology##Business/Management,,,True,True,,18.0,,,,,,,,,900.0,,,,,,,,,,,,,,"Merit-based, Need-based",FALSE,,,FALSE,FALSE,,
,Bachelor of Science in Business Administration,,,,,Undergraduate,Fall 2026,,,,Not Required,Not Required,,Required,,Not Required,,True,True,True,False,False,False,False,True,False,False,False,False,True,False,False,False,,,,,,,,,,,General Business,"The Bachelor of Science in Business Administration degree is designed to provide students with a comprehensive understanding of the functional areas of business. The curriculum equips students with the knowledge and skills necessary for careers in both the private and public sectors, focusing on the integration of business principles with Christian ethics and values.",,https://www.amridgeuniversity.edu,,,450.0,FALSE,False,,,2.0,,,,,,,,,,,,,,,Business Administration##Business/Management,,,False,False,,,100.0,,,,6.0,,,,,71.0,,,,,,,,,,,,,"Federal Student Aid, VA Benefits",FALSE,,,FALSE,FALSE,,
,Bachelor of Science in Human Resource Leadership,,,,,Undergraduate,Fall 2026,,,,Not Required,Not Required,,,,Not Required,,True,True,False,False,False,False,False,False,False,False,False,False,False,False,False,False,,,,,,,,,,,,"The Bachelor of Science in Human Resource Leadership emphasizes enhancing human effort, relationships, and leadership within an organization. The curriculum focuses on securing, maintaining, and effectively working with personnel, including screening employees, training, human-relations, forecasting, and developing compensation systems. This program prepares students for careers in management, public relations, and government work, and serves as a foundation for various graduate degrees.",,https://www.amridgeuniversity.edu,,,455.0,FALSE,False,,,2.0,,,,,,,,,,,,,,,Human Resources##Business/Management,,,True,True,,18.0,,,,,,,,,900.0,,,,,,,,,,,,,,"Grants, Scholarships, Loans",FALSE,,,FALSE,FALSE,,
,Bachelor of Science in Information Systems Management,,,,,Undergraduate,Fall 2026,,,,Not Required,Not Required,,Not Required,,Not Required,,True,True,False,False,False,False,False,False,False,False,False,False,False,False,True,False,,,,,,,,,,,"information systems security, network systems, data communications systems, wireless technologies, voice-over-IP systems, training and development in information services, web design, applications management, collaboration technologies","The Bachelor of Science in Information Systems Management focuses on computer workstations, networks, intranets, and the Internet. The curriculum also covers training employees on these systems, establishing web servers, and maintaining the security of Internet and Intranet systems.",,https://www.amridgeuniversity.edu,,,455.0,FALSE,False,,,2.0,,,,,,,,,,,,,,,Information Systems##Business Information Systems##Management##Information Technology,,,True,True,,18.0,,,,,,,,,900.0,,,,,,,,,,,,,,"grants, scholarships, loans",FALSE,,,FALSE,FALSE,,
,Bachelor of Science in Management,,,,,Undergraduate,Fall 2026,,,,Not Required,Not Required,,Required,,Not Required,,True,True,True,False,False,False,False,True,False,False,False,False,True,True,False,False,,,,,,,,,,,,"This program combines the strengths of traditional management principles and practices with the art and science of traditional and emerging communication strategies to provide the essentials required for a successful career in business and the Christian community. Graduates are prepared in essential areas such as management, leadership, team building, decision-making, and critical thinking. The curriculum exposes students to theories, operations, and practices in both for-profit and nonprofit arenas.",,https://www.amridgeuniversity.edu,,,375.0,FALSE,False,,,2.0,,,,,,,,,,,,,,,Management##Business/Management,,,True,True,,18.0,95.0,,,,6.0,,,,900.0,61.0,,,,,,,,,,,,,"Merit-based, Corporate Alliance Award, Accelerated Degree Grant, Undergraduate First-time Freshman Scholarship, Home School Student Award, Public Service Tuition Scholarship",FALSE,,,FALSE,FALSE,,
,Associate of Arts in Criminal Justice,,,,,Associate,Fall 2026,,,,Not Required,Not Required,,Required,,Not Required,,True,True,False,False,False,False,False,True,False,False,False,False,True,True,False,False,,,,,,,,,,,,"The Associate of Arts in Criminal Justice program provides students with the knowledge and skills needed for successful work in various organizations that offer public safety and law enforcement services.  It is designed to help students complete an initial college degree and establish a strong academic foundation for a bachelor's degree in criminal justice.  Students will examine criminal behavior, the investigative process, and legal aspects of the criminal justice system.",,https://www.amridgeuniversity.edu,,,335.0,FALSE,False,,,2.0,,,,,,,,,,,,,,,Criminal Justice##Administration of Justice,,,True,True,,18.0,,,,,7.0,,,,900.0,110.0,,,,,,,,,,,,,"Merit-based, Need-based",FALSE,,,FALSE,FALSE,,
,Associate of Arts in Legal Studies,,,,,Associate,Fall 2026,,,,Not Required,Not Required,,Required,,Not Required,,True,True,False,False,False,False,False,True,False,False,False,False,True,False,False,False,,,,,,,,,,,,"The Associate of Arts in Legal Studies is a multidisciplinary degree that combines general education with introductory elements of Criminal Justice, Human Resource Leadership, Human Development, and Ministry.  It is designed to prepare working professionals to better address legal and societal influences in their jobs and communities.",,https://www.amridgeuniversity.edu,,,335.0,FALSE,False,,,2.0,,,,,,,,,,,,,,,Law##Liberal Arts,,,True,True,,18.0,,,,,,,,,900.0,,,,,,,,,,,,,,"Grants, Scholarships, Loans",FALSE,,,FALSE,FALSE,,
,Associate of Arts in Liberal Studies,,,,,Associate,Fall 2026,,,,Not Required,Not Required,,Required,,Not Required,,True,True,True,False,False,False,False,True,False,False,False,False,True,True,False,False,,,,,,,,,,,,"The Associate of Arts in Liberal Studies provides a multidisciplinary degree focusing on skills for academic transfer, career readiness, and lifelong learning. This program allows students to complete general education requirements and customize their studies to align with professional goals and personal interests. Upon completion, a student may have fulfilled half the requirements for a bachelor's degree.",,https://www.amridgeuniversity.edu,,,335.0,FALSE,False,,,,,,,,,,,,,,,,,,Liberal Arts##Liberal Studies##General Studies,,,True,True,,18.0,95.0,,,,6.0,,,,900.0,61.0,,,,,,,,,,,,,"Merit-based, Need-based, Military, Ministers, Corporate Alliance",FALSE,,,FALSE,FALSE,,
,Bachelor of Science in Criminal Justice,,,,,Undergraduate,Fall 2026,,,,Not Required,Not Required,,Required,,Not Required,,True,True,False,False,False,False,False,True,False,False,False,False,True,False,False,False,,,,,,,,,,,,"The Bachelor of Science in Criminal Justice program is designed to complement an individual's existing skills by incorporating general knowledge, human relations, and development skills.  It also covers communication skills, principles of justice, and the application of organizational and leadership principles necessary for success in today's public safety and law enforcement organizations.  This program integrates courses in human relations, criminal justice, organization, communication, and leadership to prepare students for upward mobility within public safety agencies, community non-profit organizations, and church organizations.",,https://www.amridgeuniversity.edu,,,455.0,FALSE,False,,,3.25,,,,,,,,,,,,,,,Criminal Justice##Administration of Justice,,,True,True,,18.0,,,,,,,,,900.0,65.0,,,,,,,,,,,,,"Merit-based, Need-based, Corporate Alliance, First-time Freshman",FALSE,,,FALSE,FALSE,,
,Bachelor of Science in Human Development,,,,,Undergraduate,Fall 2026,,,,Not Required,Not Required,,Required,,Not Required,,True,True,False,False,False,False,False,True,False,False,False,False,True,False,False,False,,,,,,,,,,,,"This program is designed as a gateway to the Amridge University Master of Science Degree program with concentrations in Family Therapy or in Counseling. Graduates will be prepared in the dynamics of human relations and interactions that are critical in all positions relying on close working relationships. Students will be introduced to human development, motivation, introductory counseling theories and practices, aging, and diversity.",,https://www.amridgeuniversity.edu,,,455.0,FALSE,False,,,2.0,,,,,,,,,,,,,,,Human Development,,,True,True,,18.0,,,,,,,,,900.0,,,,,,,,,,,,,,"Grants, Loans",FALSE,,,FALSE,FALSE,,
,Associate of Arts in Ministry/Bible,,,,,Associate,Fall 2026,,,,Not Required,Not Required,,Required,,Not Required,,True,True,False,False,False,False,False,True,False,False,False,False,True,False,False,False,,,,,,,,,,,,"The Associate of Arts in Ministry/Bible program provides students with the opportunity to complete an initial college degree while establishing a solid academic foundation for a bachelor's degree in the field of ministry.  The program's goal is to prepare students for service in the church as ministers, elders, deacons, missionaries, and Bible teachers, as well as for allied Christian leadership positions.  Upon completion, a student may have fulfilled half of the requirements for a bachelor's degree.",,https://www.amridgeuniversity.edu,,,455.0,FALSE,False,,,3.25,,,,,,,,,,,,,,,Theology##Religion##Religious Studies,,,True,True,,18.0,,,,,,,,,900.0,,,,,,,,,,,,,,"Grants, loans, scholarships, work-study programs",FALSE,,,FALSE,FALSE,,
,Bachelor of Arts in Biblical Studies,,,,,Undergraduate,Fall 2026,,,,Not Required,Not Required,,Required,,Not Required,,True,True,False,False,False,False,False,True,False,False,False,False,True,False,False,False,,,,,,,,,,,,"The Bachelor of Arts in Biblical Studies is a comprehensive professional program designed to prepare students for various service roles within the church, such as pulpit ministers, elders, deacons, missionaries, and Bible teachers.  It also aims to equip students for Christian leadership positions in youth services, as ministers of education, or as chaplains in various institutions.  The program emphasizes a scholarly approach to get students ready for advanced degrees like a Master of Arts in New Testament or Old Testament Studies.",,https://www.amridgeuniversity.edu,,,455.0,FALSE,False,,,2.0,,,,,,,,,,,,,,,Religion##Religious Studies##Theology,,,True,True,,18.0,,,,,,,,,900.0,,,,,,,,,,,,,,Grants,FALSE,,,FALSE,FALSE,,
,Bachelor of Science in Ministry/Bible,,,,,Undergraduate,Fall 2026,,,,Not Required,Not Required,,Required,,Not Required,,True,True,False,False,False,False,False,True,False,False,False,False,True,False,False,False,,,,,,,,,,,,"The Bachelor of Science in Ministry/Bible is a comprehensive professional program with a practitioner's focus designed to prepare students for various service roles within the church, such as pulpit ministers, elders, deacons, missionaries, and Bible teachers.  This program also provides a solid foundation for students who wish to pursue advanced degrees in religious studies.  It helps prepare students for allied Christian leadership positions in areas like youth services, ministers of education, or chaplains in hospitals and other institutions.",,https://www.amridgeuniversity.edu,,,455.0,FALSE,False,,,2.0,,,,,,,,,,,,,,,Theology##Religion##Religious Studies,,,True,True,,18.0,,,,,,,,,900.0,,,,,,,,,,,,,,"Grants, Scholarships, Loans",FALSE,,,FALSE,FALSE,,
