Id,ProgramName,ProgramCode,Status,CreatedDate,UpdatedDate,Level,Term,TermCode,LiveDate,DeadlineDate,Resume,StatementOfPurpose,GreOrGmat,EnglishScore,Requirements,WritingSample,CollegeId,IsAnalyticalNotRequired,IsAnalyticalOptional,IsDuoLingoRequired,IsELSRequired,IsGMATOrGreRequired,IsGMATRequired,IsGreRequired,IsIELTSRequired,IsLSATRequired,IsMATRequired,IsMCATRequired,IsPTERequired,IsTOEFLIBRequired,IsTOEFLPBTRequired,IsEnglishNotRequired,IsEnglishOptional,AcademicYear,AlternateProgram,ApplicationType,Department,Fees,IsAvailable,ProgramType,AdmissionDepartmentId,CreatedBy,UpdatedBy,Concentration,Description,OtherConcentrations,ProgramWebsiteURL,Accredidation,AverageScholarshipAmount,CostPerCredit,IsRecommendationSystemOpted,IsStemProgram,MaxFails,MaxGPA,MinGPA,PreviousYearAcceptanceRates,QsWorldRanking,TotalAccepetedApplications,TotalCredits,TotalDeniedApplications,TotalI20sIssued,TotalScholarshipsAwarded,TotalSubmittedApplications,TotalVisasSecured,UsNewsRanking,CollegeApplicationFee,IsCollegePaying,MEContractNegotiatedFee,MyGradAppFee,ProgramCategory,IsCollegeApplicationFree,IsCouponAllowed,IsACTRequired,IsSATRequired,SftpDestinationId,MinimumACTScore,MinimumDuoLingoScore,MinimumELSScore,MinimumGMATScore,MinimumGreScore,MinimumIELTSScore,MinimumMATScore,MinimumMCATScore,MinimumPTEScore,MinimumSATScore,MinimumTOEFLScore,MLModelName,MinimumAnalyticalScore,MinimumEnglishScore,MinimumExperience,MinimumSopRating,WeightAnalytical,WeightEnglish,WeightExperience,WeightGPA,WeightSop,ScholarshipAmount,ScholarshipPercentage,ScholarshipType,IsNewlyLaunched,BatchId,IsImported,IsImportVerified,Is_Recommendation_Sponser,AnalyticalScore,MinimumLSATScore
,"Master of Science in Accounting,",,,,,Graduate,Fall 2026,,,,,,,,,,,True,True,,,,,,,,,,,,,,,,,,,,,,,,,,,,https://www.academics.pitt.edu/programs,,,,FALSE,False,,,,,,,,,,,,,,,,,,,,,False,False,,,,,,,,,,,,,,,,,,,,,,,,,,FALSE,,,FALSE,FALSE,,
,"Accounting, PhD",,,,,Doctoral,Fall 2026,,,,,,,,,,,True,True,,,,,,,,,,,,,,,,,,,,,,,,,,,,https://www.academics.pitt.edu/programs,,,,FALSE,False,,,,,,,,,,,,,,,,,,,,,False,False,,,,,,,,,,,,,,,,,,,,,,,,,,FALSE,,,FALSE,FALSE,,
,Advanced Education Program in General Dentistry,,,,,Graduate,Fall 2026,,,,,,,,,,,True,True,,,,,,,,,,,,,,,,,,,,,,,,,,,,https://www.academics.pitt.edu/programs,,,,FALSE,False,,,,,,,,,,,,,,,,,,,,,False,False,,,,,,,,,,,,,,,,,,,,,,,,,,FALSE,,,FALSE,FALSE,,
,Advanced Education Program in General Practice,,,,,Graduate,Fall 2026,,,,,,,,,,,True,True,,,,,,,,,,,,,,,,,,,,,,,,,,,,https://www.academics.pitt.edu/programs,,,,FALSE,False,,,,,,,,,,,,,,,,,,,,,False,False,,,,,,,,,,,,,,,,,,,,,,,,,,FALSE,,,FALSE,FALSE,,
,Advanced Education Program in Oral and Maxillofacial Pathology,,,,,Graduate,Fall 2026,,,,,,,,,,,True,True,,,,,,,,,,,,,,,,,,,,,,,,,,,,https://www.academics.pitt.edu/programs,,,,FALSE,False,,,,,,,,,,,,,,,,,,,,,False,False,,,,,,,,,,,,,,,,,,,,,,,,,,FALSE,,,FALSE,FALSE,,
,"Advanced Legal Research, PhD",,,,,Doctoral,Fall 2026,,,,,,,,,,,True,True,,,,,,,,,,,,,,,,,,,,,,,,,,,,https://www.academics.pitt.edu/programs,,,,FALSE,False,,,,,,,,,,,,,,,,,,,,,False,False,,,,,,,,,,,,,,,,,,,,,,,,,,FALSE,,,FALSE,FALSE,,
,Advanced Periodontal Concepts,,,,,Graduate,Fall 2026,,,,,,,,,,,True,True,,,,,,,,,,,,,,,,,,,,,,,,,,,,https://www.academics.pitt.edu/programs,,,,FALSE,False,,,,,,,,,,,,,,,,,,,,,False,False,,,,,,,,,,,,,,,,,,,,,,,,,,FALSE,,,FALSE,FALSE,,
,"Advanced Study in Big Data Analytics, Certificate",,,,,Graduate-Certificate,Fall 2026,,,,,,,,,,,True,True,,,,,,,,,,,,,,,,,,,,,,,,,,,,https://www.academics.pitt.edu/programs,,,,FALSE,False,,,,,,,,,,,,,,,,,,Data Science,,,False,False,,,,,,,,,,,,,,,,,,,,,,,,,,FALSE,,,FALSE,FALSE,,
,"Advanced Study in Information Science, Certificate",,,,,Graduate-Certificate,Fall 2026,,,,,,,,,,,True,True,,,,,,,,,,,,,,,,,,,,,,,,,,,,https://www.academics.pitt.edu/programs,,,,FALSE,False,,,,,,,,,,,,,,,,,,,,,False,False,,,,,,,,,,,,,,,,,,,,,,,,,,FALSE,,,FALSE,FALSE,,
,"Advanced Study in Telecommunication, Certificate",,,,,Graduate-Certificate,Fall 2026,,,,,,,,,,,True,True,,,,,,,,,,,,,,,,,,,,,,,,,,,,https://www.academics.pitt.edu/programs,,,,FALSE,False,,,,,,,,,,,,,,,,,,,,,False,False,,,,,,,,,,,,,,,,,,,,,,,,,,FALSE,,,FALSE,FALSE,,
,"Administrative and Policy Studies - Higher Education Management Concentration, MEd",,,,,Graduate,Fall 2026,,,,,,,,,,,True,True,,,,,,,,,,,,,,,,,,,,,,,,,,,,https://www.academics.pitt.edu/programs,,,,FALSE,False,,,,,,,,,,,,,,,,,,,,,False,False,,,,,,,,,,,,,,,,,,,,,,,,,,FALSE,,,FALSE,FALSE,,
,"Administrative and Policy Studies - School Leadership Concentration, MEd",,,,,Graduate,Fall 2026,,,,,,,,,,,True,True,,,,,,,,,,,,,,,,,,,,,,,,,,,,https://www.academics.pitt.edu/programs,,,,FALSE,False,,,,,,,,,,,,,,,,,,,,,False,False,,,,,,,,,,,,,,,,,,,,,,,,,,FALSE,,,FALSE,FALSE,,
,"Administrative and Policy Studies - School Leadership, PhD",,,,,Doctoral,Fall 2026,,,,,,,,,,,True,True,,,,,,,,,,,,,,,,,,,,,,,,,,,,https://www.academics.pitt.edu/programs,,,,FALSE,False,,,,,,,,,,,,,,,,,,,,,False,False,,,,,,,,,,,,,,,,,,,,,,,,,,FALSE,,,FALSE,FALSE,,
,"Master of Arts in Administrative and Policy Studies - Social and Comparative Analysis in Education Concentration,",,,,,Graduate,Fall 2026,,,,,,,,,,,True,True,,,,,,,,,,,,,,,,,,,,,,,,,,,,https://www.academics.pitt.edu/programs,,,,FALSE,False,,,,,,,,,,,,,,,,,,,,,False,False,,,,,,,,,,,,,,,,,,,,,,,,,,FALSE,,,FALSE,FALSE,,
,"Administrative and Policy Studies - Social and Comparative Analysis in Education Concentration, MEd",,,,,Graduate,Fall 2026,,,,,,,,,,,True,True,,,,,,,,,,,,,,,,,,,,,,,,,,,,https://www.academics.pitt.edu/programs,,,,FALSE,False,,,,,,,,,,,,,,,,,,,,,False,False,,,,,,,,,,,,,,,,,,,,,,,,,,FALSE,,,FALSE,FALSE,,
,"Administrative and Policy Studies - Social and Comparative Analysis in Education Concentration, PhD",,,,,Doctoral,Fall 2026,,,,,,,,,,,True,True,,,,,,,,,,,,,,,,,,,,,,,,,,,,https://www.academics.pitt.edu/programs,,,,FALSE,False,,,,,,,,,,,,,,,,,,,,,False,False,,,,,,,,,,,,,,,,,,,,,,,,,,FALSE,,,FALSE,FALSE,,
,"Adult-Gerontology Acute Care Nurse Practitioner, Certificate",,,,,Graduate-Certificate,Fall 2026,,,,,,,,,,,True,True,,,,,,,,,,,,,,,,,,,,,,,,,,,,https://www.academics.pitt.edu/programs,,,,FALSE,False,,,,,,,,,,,,,,,,,,,,,False,False,,,,,,,,,,,,,,,,,,,,,,,,,,FALSE,,,FALSE,FALSE,,
,"Adult-Gerontology Acute Care Nurse Practitioner, MSN",,,,,Graduate,Fall 2026,,,,,,,,,,,True,True,,,,,,,,,,,,,,,,,,,,,,,,,,,,https://www.academics.pitt.edu/programs,,,,FALSE,False,,,,,,,,,,,,,,,,,,,,,False,False,,,,,,,,,,,,,,,,,,,,,,,,,,FALSE,,,FALSE,FALSE,,
,"Anesthesiology (Dental), Certificate",,,,,Graduate-Certificate,Fall 2026,,,,,,,,,,,True,True,,,,,,,,,,,,,,,,,,,,,,,,,,,,https://www.academics.pitt.edu/programs,,,,FALSE,False,,,,,,,,,,,,,,,,,,,,,False,False,,,,,,,,,,,,,,,,,,,,,,,,,,FALSE,,,FALSE,FALSE,,
,"Master of Arts in Anthropology,",,,,,Graduate,Fall 2026,,,,,,,,,,,True,True,,,,,,,,,,,,,,,,,,,,,,,,,,,,https://www.academics.pitt.edu/programs,,,,FALSE,False,,,,,,,,,,,,,,,,,,,,,False,False,,,,,,,,,,,,,,,,,,,,,,,,,,FALSE,,,FALSE,FALSE,,
,"Anthropology, PhD",,,,,Doctoral,Fall 2026,,,,,,,,,,,True,True,,,,,,,,,,,,,,,,,,,,,,,,,,,,https://www.academics.pitt.edu/programs,,,,FALSE,False,,,,,,,,,,,,,,,,,,,,,False,False,,,,,,,,,,,,,,,,,,,,,,,,,,FALSE,,,FALSE,FALSE,,
,"Anthropology, PhD/MPH",,,,,Doctoral,Fall 2026,,,,,,,,,,,True,True,,,,,,,,,,,,,,,,,,,,,,,,,,,,https://www.academics.pitt.edu/programs,,,,FALSE,False,,,,,,,,,,,,,,,,,,,,,False,False,,,,,,,,,,,,,,,,,,,,,,,,,,FALSE,,,FALSE,FALSE,,
,"Applied Behavior Analysis, MEd",,,,,Graduate,Fall 2026,,,,,,,,,,,True,True,,,,,,,,,,,,,,,,,,,,,,,,,,,,https://www.academics.pitt.edu/programs,,,,FALSE,False,,,,,,,,,,,,,,,,,,,,,False,False,,,,,,,,,,,,,,,,,,,,,,,,,,FALSE,,,FALSE,FALSE,,
,"Master of Science in Applied Developmental Psychology,",,,,,Graduate,Fall 2026,,,,,,,,,,,True,True,,,,,,,,,,,,,,,,,,,,,,,,,,,,https://www.academics.pitt.edu/programs,,,,FALSE,False,,,,,,,,,,,,,,,,,,,,,False,False,,,,,,,,,,,,,,,,,,,,,,,,,,FALSE,,,FALSE,FALSE,,
,"Applied Developmental Psychology, Minor",,,,,Graduate,Fall 2026,,,,,,,,,,,True,True,,,,,,,,,,,,,,,,,,,,,,,,,,,,https://www.academics.pitt.edu/programs,,,,FALSE,False,,,,,,,,,,,,,,,,,,,,,False,False,,,,,,,,,,,,,,,,,,,,,,,,,,FALSE,,,FALSE,FALSE,,
,"Master of Arts in Applied Statistics,",,,,,Graduate,Fall 2026,,,,,,,,,,,True,True,,,,,,,,,,,,,,,,,,,,,,,,,,,,https://www.academics.pitt.edu/programs,,,,FALSE,False,,,,,,,,,,,,,,,,,,,,,False,False,,,,,,,,,,,,,,,,,,,,,,,,,,FALSE,,,FALSE,FALSE,,
,"Master of Science in Applied Statistics,",,,,,Graduate,Fall 2026,,,,,,,,,,,True,True,,,,,,,,,,,,,,,,,,,,,,,,,,,,https://www.academics.pitt.edu/programs,,,,FALSE,False,,,,,,,,,,,,,,,,,,,,,False,False,,,,,,,,,,,,,,,,,,,,,,,,,,FALSE,,,FALSE,FALSE,,
,Area & Global Studies Certificates,,,,,Graduate-Certificate,Fall 2026,,,,,,,,,,,True,True,,,,,,,,,,,,,,,,,,,,,,,,,,,,https://www.academics.pitt.edu/programs,,,,FALSE,False,,,,,,,,,,,,,,,,,,,,,False,False,,,,,,,,,,,,,,,,,,,,,,,,,,FALSE,,,FALSE,FALSE,,
,"Master of Science in Athletic Training,",,,,,Graduate,Fall 2026,,,,,,,,,,,True,True,,,,,,,,,,,,,,,,,,,,,,,,,,,,https://www.academics.pitt.edu/programs,,,,FALSE,False,,,,,,,,,,,,,,,,,,,,,False,False,,,,,,,,,,,,,,,,,,,,,,,,,,FALSE,,,FALSE,FALSE,,
,"Audiology, AuD",,,,,Graduate,Fall 2026,,,,,,,,,,,True,True,,,,,,,,,,,,,,,,,,,,,,,,,,,,https://www.academics.pitt.edu/programs,,,,FALSE,False,,,,,,,,,,,,,,,,,,,,,False,False,,,,,,,,,,,,,,,,,,,,,,,,,,FALSE,,,FALSE,FALSE,,
,"Behavioral and Community Health Sciences, DrPH",,,,,Graduate,Fall 2026,,,,,,,,,,,True,True,,,,,,,,,,,,,,,,,,,,,,,,,,,,https://www.academics.pitt.edu/programs,,,,FALSE,False,,,,,,,,,,,,,,,,,,,,,False,False,,,,,,,,,,,,,,,,,,,,,,,,,,FALSE,,,FALSE,FALSE,,
,"Behavioral and Community Health Sciences, MPH",,,,,Graduate,Fall 2026,,,,,,,,,,,True,True,,,,,,,,,,,,,,,,,,,,,,,,,,,,https://www.academics.pitt.edu/programs,,,,FALSE,False,,,,,,,,,,,,,,,,,,,,,False,False,,,,,,,,,,,,,,,,,,,,,,,,,,FALSE,,,FALSE,FALSE,,
,"Behavioral and Community Health Sciences, PhD",,,,,Doctoral,Fall 2026,,,,,,,,,,,True,True,,,,,,,,,,,,,,,,,,,,,,,,,,,,https://www.academics.pitt.edu/programs,,,,FALSE,False,,,,,,,,,,,,,,,,,,,,,False,False,,,,,,,,,,,,,,,,,,,,,,,,,,FALSE,,,FALSE,FALSE,,
,"Behavioral and Community Health Sciences, MPH/MID; MPH/MPA; MPH/MPIA",,,,,Graduate,Fall 2026,,,,,,,,,,,True,True,,,,,,,,,,,,,,,,,,,,,,,,,,,,https://www.academics.pitt.edu/programs,,,,FALSE,False,,,,,,,,,,,,,,,,,,,,,False,False,,,,,,,,,,,,,,,,,,,,,,,,,,FALSE,,,FALSE,FALSE,,
,"Behavioral and Community Health Sciences, MPH/MSW",,,,,Graduate,Fall 2026,,,,,,,,,,,True,True,,,,,,,,,,,,,,,,,,,,,,,,,,,,https://www.academics.pitt.edu/programs,,,,FALSE,False,,,,,,,,,,,,,,,,,,,,,False,False,,,,,,,,,,,,,,,,,,,,,,,,,,FALSE,,,FALSE,FALSE,,
,"Behavioral and Community Health Sciences, MPH/PhD, Anthropology",,,,,Doctoral,Fall 2026,,,,,,,,,,,True,True,,,,,,,,,,,,,,,,,,,,,,,,,,,,https://www.academics.pitt.edu/programs,,,,FALSE,False,,,,,,,,,,,,,,,,,,,,,False,False,,,,,,,,,,,,,,,,,,,,,,,,,,FALSE,,,FALSE,FALSE,,
,"Behavioral and Community Health Sciences, MPH/PhD, Social Work",,,,,Doctoral,Fall 2026,,,,,,,,,,,True,True,,,,,,,,,,,,,,,,,,,,,,,,,,,,https://www.academics.pitt.edu/programs,,,,FALSE,False,,,,,,,,,,,,,,,,,,,,,False,False,,,,,,,,,,,,,,,,,,,,,,,,,,FALSE,,,FALSE,FALSE,,
,"Master of Science in Biochemistry and Molecular Biology,",,,,,Graduate,Fall 2026,,,,,,,,,,,True,True,,,,,,,,,,,,,,,,,,,,,,,,,,,,https://www.academics.pitt.edu/programs,,,,FALSE,False,,,,,,,,,,,,,,,,,,,,,False,False,,,,,,,,,,,,,,,,,,,,,,,,,,FALSE,,,FALSE,FALSE,,
,"Biochemistry and Molecular Biology, PhD",,,,,Doctoral,Fall 2026,,,,,,,,,,,True,True,,,,,,,,,,,,,,,,,,,,,,,,,,,,https://www.academics.pitt.edu/programs,,,,FALSE,False,,,,,,,,,,,,,,,,,,,,,False,False,,,,,,,,,,,,,,,,,,,,,,,,,,FALSE,,,FALSE,FALSE,,
,"Bioengineering, MD/PhD",,,,,Doctoral,Fall 2026,,,,,,,,,,,True,True,,,,,,,,,,,,,,,,,,,,,,,,,,,,https://www.academics.pitt.edu/programs,,,,FALSE,False,,,,,,,,,,,,,,,,,,,,,False,False,,,,,,,,,,,,,,,,,,,,,,,,,,FALSE,,,FALSE,FALSE,,
,"Master of Science in Bioengineering,",,,,,Graduate,Fall 2026,,,,,,,,,,,True,True,,,,,,,,,,,,,,,,,,,,,,,,,,,,https://www.academics.pitt.edu/programs,,,,FALSE,False,,,,,,,,,,,,,,,,,,,,,False,False,,,,,,,,,,,,,,,,,,,,,,,,,,FALSE,,,FALSE,FALSE,,
,"Bioengineering, PhD",,,,,Doctoral,Fall 2026,,,,,,,,,,,True,True,,,,,,,,,,,,,,,,,,,,,,,,,,,,https://www.academics.pitt.edu/programs,,,,FALSE,False,,,,,,,,,,,,,,,,,,,,,False,False,,,,,,,,,,,,,,,,,,,,,,,,,,FALSE,,,FALSE,FALSE,,
,Bioengineering Doctor of Physical Therapy (DPT) - PhD,,,,,Doctoral,Fall 2026,,,,,,,,,,,True,True,,,,,,,,,,,,,,,,,,,,,,,,,,,,https://www.academics.pitt.edu/programs,,,,FALSE,False,,,,,,,,,,,,,,,,,,,,,False,False,,,,,,,,,,,,,,,,,,,,,,,,,,FALSE,,,FALSE,FALSE,,
,Bioengineering Medical Product Innovation Graduate Certificate,,,,,Graduate-Certificate,Fall 2026,,,,,,,,,,,True,True,,,,,,,,,,,,,,,,,,,,,,,,,,,,https://www.academics.pitt.edu/programs,,,,FALSE,False,,,,,,,,,,,,,,,,,,,,,False,False,,,,,,,,,,,,,,,,,,,,,,,,,,FALSE,,,FALSE,FALSE,,
,Bioengineering Professional MS: Biomechanics Focus,,,,,Graduate,Fall 2026,,,,,,,,,,,True,True,,,,,,,,,,,,,,,,,,,,,,,,,,,,https://www.academics.pitt.edu/programs,,,,FALSE,False,,,,,,,,,,,,,,,,,,,,,False,False,,,,,,,,,,,,,,,,,,,,,,,,,,FALSE,,,FALSE,FALSE,,
,"Bioengineering Professional MS: Data Science, Imaging and Sensors (DSIS) Focus",,,,,Graduate,Fall 2026,,,,,,,,,,,True,True,,,,,,,,,,,,,,,,,,,,,,,,,,,,https://www.academics.pitt.edu/programs,,,,FALSE,False,,,,,,,,,,,,,,,,,,,,,False,False,,,,,,,,,,,,,,,,,,,,,,,,,,FALSE,,,FALSE,FALSE,,
,Bioengineering Professional MS: Medical Product Engineering (MSMPE),,,,,Graduate,Fall 2026,,,,,,,,,,,True,True,,,,,,,,,,,,,,,,,,,,,,,,,,,,https://www.academics.pitt.edu/programs,,,,FALSE,False,,,,,,,,,,,,,,,,,,,,,False,False,,,,,,,,,,,,,,,,,,,,,,,,,,FALSE,,,FALSE,FALSE,,
,"Bioengineering Professional MS: Molecular, Cellular and Systems Engineering (MCSE) Focus",,,,,Graduate,Fall 2026,,,,,,,,,,,True,True,,,,,,,,,,,,,,,,,,,,,,,,,,,,https://www.academics.pitt.edu/programs,,,,FALSE,False,,,,,,,,,,,,,,,,,,,,,False,False,,,,,,,,,,,,,,,,,,,,,,,,,,FALSE,,,FALSE,FALSE,,
,Bioengineering Professional MS: Neural Engineering Focus,,,,,Graduate,Fall 2026,,,,,,,,,,,True,True,,,,,,,,,,,,,,,,,,,,,,,,,,,,https://www.academics.pitt.edu/programs,,,,FALSE,False,,,,,,,,,,,,,,,,,,,,,False,False,,,,,,,,,,,,,,,,,,,,,,,,,,FALSE,,,FALSE,FALSE,,
,Bioengineering Professional MS: Tissue Engineering and Regenerative Medicine (TERM) Focus,,,,,Graduate,Fall 2026,,,,,,,,,,,True,True,,,,,,,,,,,,,,,,,,,,,,,,,,,,https://www.academics.pitt.edu/programs,,,,FALSE,False,,,,,,,,,,,,,,,,,,,,,False,False,,,,,,,,,,,,,,,,,,,,,,,,,,FALSE,,,FALSE,FALSE,,
,Master of Science in Bioengineering Research,,,,,Graduate,Fall 2026,,,,,,,,,,,True,True,,,,,,,,,,,,,,,,,,,,,,,,,,,,https://www.academics.pitt.edu/programs,,,,FALSE,False,,,,,,,,,,,,,,,,,,,,,False,False,,,,,,,,,,,,,,,,,,,,,,,,,,FALSE,,,FALSE,FALSE,,
,"Master of Business Administration in Bioengineering/Business Administration, MS/",,,,,Graduate,Fall 2026,,,,,,,,,,,True,True,,,,,,,,,,,,,,,,,,,,,,,,,,,,https://www.academics.pitt.edu/programs,,,,FALSE,False,,,,,,,,,,,,,,,,,,,,,False,False,,,,,,,,,,,,,,,,,,,,,,,,,,FALSE,,,FALSE,FALSE,,
,"Master of Arts in Bioethics,",,,,,Graduate,Fall 2026,,,,,,,,,,,True,True,,,,,,,,,,,,,,,,,,,,,,,,,,,,https://www.academics.pitt.edu/programs,,,,FALSE,False,,,,,,,,,,,,,,,,,,,,,False,False,,,,,,,,,,,,,,,,,,,,,,,,,,FALSE,,,FALSE,FALSE,,
,"Bioethics, MD/MA",,,,,Graduate,Fall 2026,,,,,,,,,,,True,True,,,,,,,,,,,,,,,,,,,,,,,,,,,,https://www.academics.pitt.edu/programs,,,,FALSE,False,,,,,,,,,,,,,,,,,,,,,False,False,,,,,,,,,,,,,,,,,,,,,,,,,,FALSE,,,FALSE,FALSE,,
,"Biological Sciences, PhD",,,,,Doctoral,Fall 2026,,,,,,,,,,,True,True,,,,,,,,,,,,,,,,,,,,,,,,,,,,https://www.academics.pitt.edu/programs,,,,FALSE,False,,,,,,,,,,,,,,,,,,,,,False,False,,,,,,,,,,,,,,,,,,,,,,,,,,FALSE,,,FALSE,FALSE,,
,"Biomedical Engineering, MSBE",,,,,Graduate,Fall 2026,,,,,,,,,,,True,True,,,,,,,,,,,,,,,,,,,,,,,,,,,,https://www.academics.pitt.edu/programs,,,,FALSE,False,,,,,,,,,,,,,,,,,,,,,False,False,,,,,,,,,,,,,,,,,,,,,,,,,,FALSE,,,FALSE,FALSE,,
,"Biomedical Engineering, PhD",,,,,Doctoral,Fall 2026,,,,,,,,,,,True,True,,,,,,,,,,,,,,,,,,,,,,,,,,,,https://www.academics.pitt.edu/programs,,,,FALSE,False,,,,,,,,,,,,,,,,,,,,,False,False,,,,,,,,,,,,,,,,,,,,,,,,,,FALSE,,,FALSE,FALSE,,
,"Biomedical Informatics, Certificate",,,,,Graduate-Certificate,Fall 2026,,,,,,,,,,,True,True,,,,,,,,,,,,,,,,,,,,,,,,,,,,https://www.academics.pitt.edu/programs,,,,FALSE,False,,,,,,,,,,,,,,,,,,,,,False,False,,,,,,,,,,,,,,,,,,,,,,,,,,FALSE,,,FALSE,FALSE,,
,"Master of Science in Biomedical Informatics,",,,,,Graduate,Fall 2026,,,,,,,,,,,True,True,,,,,,,,,,,,,,,,,,,,,,,,,,,,https://www.academics.pitt.edu/programs,,,,FALSE,False,,,,,,,,,,,,,,,,,,,,,False,False,,,,,,,,,,,,,,,,,,,,,,,,,,FALSE,,,FALSE,FALSE,,
,"Biomedical Informatics, PhD",,,,,Doctoral,Fall 2026,,,,,,,,,,,True,True,,,,,,,,,,,,,,,,,,,,,,,,,,,,https://www.academics.pitt.edu/programs,,,,FALSE,False,,,,,,,,,,,,,,,,,,,,,False,False,,,,,,,,,,,,,,,,,,,,,,,,,,FALSE,,,FALSE,FALSE,,
,"Master of Science in Biomedical Sciences,",,,,,Graduate,Fall 2026,,,,,,,,,,,True,True,,,,,,,,,,,,,,,,,,,,,,,,,,,,https://www.academics.pitt.edu/programs,,,,FALSE,False,,,,,,,,,,,,,,,,,,,,,False,False,,,,,,,,,,,,,,,,,,,,,,,,,,FALSE,,,FALSE,FALSE,,
,"Biostatistics, MPH",,,,,Graduate,Fall 2026,,,,,,,,,,,True,True,,,,,,,,,,,,,,,,,,,,,,,,,,,,https://www.academics.pitt.edu/programs,,,,FALSE,False,,,,,,,,,,,,,,,,,,,,,False,False,,,,,,,,,,,,,,,,,,,,,,,,,,FALSE,,,FALSE,FALSE,,
,"Master of Science in Biostatistics,",,,,,Graduate,Fall 2026,,,,,,,,,,,True,True,,,,,,,,,,,,,,,,,,,,,,,,,,,,https://www.academics.pitt.edu/programs,,,,FALSE,False,,,,,,,,,,,,,,,,,,,,,False,False,,,,,,,,,,,,,,,,,,,,,,,,,,FALSE,,,FALSE,FALSE,,
,"Biostatistics, PhD",,,,,Doctoral,Fall 2026,,,,,,,,,,,True,True,,,,,,,,,,,,,,,,,,,,,,,,,,,,https://www.academics.pitt.edu/programs,,,,FALSE,False,,,,,,,,,,,,,,,,,,,,,False,False,,,,,,,,,,,,,,,,,,,,,,,,,,FALSE,,,FALSE,FALSE,,
,"Master of Business Administration in Business Administration with Business Analytics, ",,,,,Graduate,Fall 2026,,,,,,,,,,,True,True,,,,,,,,,,,,,,,,,,,,,,,,,,,,https://www.academics.pitt.edu/programs,,,,FALSE,False,,,,,,,,,,,,,,,,,,,,,False,False,,,,,,,,,,,,,,,,,,,,,,,,,,FALSE,,,FALSE,FALSE,,
,"Business Analytics and Operations - Data Mining and Business Analytics Specialization, PhD",,,,,Doctoral,Fall 2026,,,,,,,,,,,True,True,,,,,,,,,,,,,,,,,,,,,,,,,,,,https://www.academics.pitt.edu/programs,,,,FALSE,False,,,,,,,,,,,,,,,,,,,,,False,False,,,,,,,,,,,,,,,,,,,,,,,,,,FALSE,,,FALSE,FALSE,,
,"Business Analytics and Operations - Decision Sciences Specialization, PhD",,,,,Doctoral,Fall 2026,,,,,,,,,,,True,True,,,,,,,,,,,,,,,,,,,,,,,,,,,,https://www.academics.pitt.edu/programs,,,,FALSE,False,,,,,,,,,,,,,,,,,,,,,False,False,,,,,,,,,,,,,,,,,,,,,,,,,,FALSE,,,FALSE,FALSE,,
,"Cancer Biology and Oncology, PhD",,,,,Doctoral,Fall 2026,,,,,,,,,,,True,True,,,,,,,,,,,,,,,,,,,,,,,,,,,,https://www.academics.pitt.edu/programs,,,,FALSE,False,,,,,,,,,,,,,,,,,,,,,False,False,,,,,,,,,,,,,,,,,,,,,,,,,,FALSE,,,FALSE,FALSE,,
,"Cell Biology & Molecular Physiology, PhD",,,,,Doctoral,Fall 2026,,,,,,,,,,,True,True,,,,,,,,,,,,,,,,,,,,,,,,,,,,https://www.academics.pitt.edu/programs,,,,FALSE,False,,,,,,,,,,,,,,,,,,,,,False,False,,,,,,,,,,,,,,,,,,,,,,,,,,FALSE,,,FALSE,FALSE,,
,"Cell, Molecular and Systems Biology, PhD",,,,,Doctoral,Fall 2026,,,,,,,,,,,True,True,,,,,,,,,,,,,,,,,,,,,,,,,,,,https://www.academics.pitt.edu/programs,,,,FALSE,False,,,,,,,,,,,,,,,,,,,,,False,False,,,,,,,,,,,,,,,,,,,,,,,,,,FALSE,,,FALSE,FALSE,,
,"Cellular & Molecular Pathology, PhD",,,,,Doctoral,Fall 2026,,,,,,,,,,,True,True,,,,,,,,,,,,,,,,,,,,,,,,,,,,https://www.academics.pitt.edu/programs,,,,FALSE,False,,,,,,,,,,,,,,,,,,,,,False,False,,,,,,,,,,,,,,,,,,,,,,,,,,FALSE,,,FALSE,FALSE,,
,"Certificate in Cybersecurity, Policy & Law",,,,,Graduate-Certificate,Fall 2026,,,,,,,,,,,True,True,,,,,,,,,,,,,,,,,,,,,,,,,,,,https://www.academics.pitt.edu/programs,,,,FALSE,False,,,,,,,,,,,,,,,,,,,,,False,False,,,,,,,,,,,,,,,,,,,,,,,,,,FALSE,,,FALSE,FALSE,,
,Certificate in Global Sustainable Development,,,,,Graduate-Certificate,Fall 2026,,,,,,,,,,,True,True,,,,,,,,,,,,,,,,,,,,,,,,,,,,https://www.academics.pitt.edu/programs,,,,FALSE,False,,,,,,,,,,,,,,,,,,,,,False,False,,,,,,,,,,,,,,,,,,,,,,,,,,FALSE,,,FALSE,FALSE,,
,Certificate Program in Disability Legal Studies,,,,,Graduate-Certificate,Fall 2026,,,,,,,,,,,True,True,,,,,,,,,,,,,,,,,,,,,,,,,,,,https://www.academics.pitt.edu/programs,,,,FALSE,False,,,,,,,,,,,,,,,,,,,,,False,False,,,,,,,,,,,,,,,,,,,,,,,,,,FALSE,,,FALSE,FALSE,,
,"Master of Science in Chemical and Petroleum Engineering Dual Degree,",,,,,Graduate,Fall 2026,,,,,,,,,,,True,True,,,,,,,,,,,,,,,,,,,,,,,,,,,,https://www.academics.pitt.edu/programs,,,,FALSE,False,,,,,,,,,,,,,,,,,,,,,False,False,,,,,,,,,,,,,,,,,,,,,,,,,,FALSE,,,FALSE,FALSE,,
,"Chemical & Petroleum Engineering, PhD",,,,,Doctoral,Fall 2026,,,,,,,,,,,True,True,,,,,,,,,,,,,,,,,,,,,,,,,,,,https://www.academics.pitt.edu/programs,,,,FALSE,False,,,,,,,,,,,,,,,,,,,,,False,False,,,,,,,,,,,,,,,,,,,,,,,,,,FALSE,,,FALSE,FALSE,,
,Master of Science in Chemical & Petroleum Engineering Professional,,,,,Graduate,Fall 2026,,,,,,,,,,,True,True,,,,,,,,,,,,,,,,,,,,,,,,,,,,https://www.academics.pitt.edu/programs,,,,FALSE,False,,,,,,,,,,,,,,,,,,,,,False,False,,,,,,,,,,,,,,,,,,,,,,,,,,FALSE,,,FALSE,FALSE,,
,Master of Science in Chemical & Petroleum Engineering Research,,,,,Graduate,Fall 2026,,,,,,,,,,,True,True,,,,,,,,,,,,,,,,,,,,,,,,,,,,https://www.academics.pitt.edu/programs,,,,FALSE,False,,,,,,,,,,,,,,,,,,,,,False,False,,,,,,,,,,,,,,,,,,,,,,,,,,FALSE,,,FALSE,FALSE,,
,"Chemical Engineering, MD/PhD",,,,,Doctoral,Fall 2026,,,,,,,,,,,True,True,,,,,,,,,,,,,,,,,,,,,,,,,,,,https://www.academics.pitt.edu/programs,,,,FALSE,False,,,,,,,,,,,,,,,,,,,,,False,False,,,,,,,,,,,,,,,,,,,,,,,,,,FALSE,,,FALSE,FALSE,,
,Civil & Environmental Engineering Construction Management Graduate Certificate,,,,,Graduate-Certificate,Fall 2026,,,,,,,,,,,True,True,,,,,,,,,,,,,,,,,,,,,,,,,,,,https://www.academics.pitt.edu/programs,,,,FALSE,False,,,,,,,,,,,,,,,,,,,,,False,False,,,,,,,,,,,,,,,,,,,,,,,,,,FALSE,,,FALSE,FALSE,,
,"Civil & Environmental Engineering, PhD",,,,,Doctoral,Fall 2026,,,,,,,,,,,True,True,,,,,,,,,,,,,,,,,,,,,,,,,,,,https://www.academics.pitt.edu/programs,,,,FALSE,False,,,,,,,,,,,,,,,,,,,,,False,False,,,,,,,,,,,,,,,,,,,,,,,,,,FALSE,,,FALSE,FALSE,,
,Civil & Environmental Engineering Professional MS: Construction Management Focus,,,,,Graduate,Fall 2026,,,,,,,,,,,True,True,,,,,,,,,,,,,,,,,,,,,,,,,,,,https://www.academics.pitt.edu/programs,,,,FALSE,False,,,,,,,,,,,,,,,,,,,,,False,False,,,,,,,,,,,,,,,,,,,,,,,,,,FALSE,,,FALSE,FALSE,,
,"Civil Engineering/Mathematics, MSCE/MS",,,,,Graduate,Fall 2026,,,,,,,,,,,True,True,,,,,,,,,,,,,,,,,,,,,,,,,,,,https://www.academics.pitt.edu/programs,,,,FALSE,False,,,,,,,,,,,,,,,,,,,,,False,False,,,,,,,,,,,,,,,,,,,,,,,,,,FALSE,,,FALSE,FALSE,,
,"Classics, Philosophy, & Ancient Science, MA/PhD",,,,,Doctoral,Fall 2026,,,,,,,,,,,True,True,,,,,,,,,,,,,,,,,,,,,,,,,,,,https://www.academics.pitt.edu/programs,,,,FALSE,False,,,,,,,,,,,,,,,,,,,,,False,False,,,,,,,,,,,,,,,,,,,,,,,,,,FALSE,,,FALSE,FALSE,,
,"Clinical and Translational Science, PhD",,,,,Doctoral,Fall 2026,,,,,,,,,,,True,True,,,,,,,,,,,,,,,,,,,,,,,,,,,,https://www.academics.pitt.edu/programs,,,,FALSE,False,,,,,,,,,,,,,,,,,,,,,False,False,,,,,,,,,,,,,,,,,,,,,,,,,,FALSE,,,FALSE,FALSE,,
,"Master of Science in Clinical Exercise Physiology,",,,,,Graduate,Fall 2026,,,,,,,,,,,True,True,,,,,,,,,,,,,,,,,,,,,,,,,,,,https://www.academics.pitt.edu/programs,,,,FALSE,False,,,,,,,,,,,,,,,,,,,,,False,False,,,,,,,,,,,,,,,,,,,,,,,,,,FALSE,,,FALSE,FALSE,,
,"Clinical Research, Certificate",,,,,Graduate-Certificate,Fall 2026,,,,,,,,,,,True,True,,,,,,,,,,,,,,,,,,,,,,,,,,,,https://www.academics.pitt.edu/programs,,,,FALSE,False,,,,,,,,,,,,,,,,,,,,,False,False,,,,,,,,,,,,,,,,,,,,,,,,,,FALSE,,,FALSE,FALSE,,
,"Master of Science in Clinical Research,",,,,,Graduate,Fall 2026,,,,,,,,,,,True,True,,,,,,,,,,,,,,,,,,,,,,,,,,,,https://www.academics.pitt.edu/programs,,,,FALSE,False,,,,,,,,,,,,,,,,,,,,,False,False,,,,,,,,,,,,,,,,,,,,,,,,,,FALSE,,,FALSE,FALSE,,
,"Clinical Science Training Program, MD/MS",,,,,Graduate,Fall 2026,,,,,,,,,,,True,True,,,,,,,,,,,,,,,,,,,,,,,,,,,,https://www.academics.pitt.edu/programs,,,,FALSE,False,,,,,,,,,,,,,,,,,,,,,False,False,,,,,,,,,,,,,,,,,,,,,,,,,,FALSE,,,FALSE,FALSE,,
,"Communication Science and Disorders, MA/MS",,,,,Graduate,Fall 2026,,,,,,,,,,,True,True,,,,,,,,,,,,,,,,,,,,,,,,,,,,https://www.academics.pitt.edu/programs,,,,FALSE,False,,,,,,,,,,,,,,,,,,,,,False,False,,,,,,,,,,,,,,,,,,,,,,,,,,FALSE,,,FALSE,FALSE,,
,"Community, Organization, and Social Action (COSA) Specialization, MSW",,,,,Graduate,Fall 2026,,,,,,,,,,,True,True,,,,,,,,,,,,,,,,,,,,,,,,,,,,https://www.academics.pitt.edu/programs,,,,FALSE,False,,,,,,,,,,,,,,,,,,,,,False,False,,,,,,,,,,,,,,,,,,,,,,,,,,FALSE,,,FALSE,FALSE,,
,"Computational Biology, PhD",,,,,Doctoral,Fall 2026,,,,,,,,,,,True,True,,,,,,,,,,,,,,,,,,,,,,,,,,,,https://www.academics.pitt.edu/programs,,,,FALSE,False,,,,,,,,,,,,,,,,,,,,,False,False,,,,,,,,,,,,,,,,,,,,,,,,,,FALSE,,,FALSE,FALSE,,
,"Master of Science in Computational Biomedicine and Biotechnology,",,,,,Graduate,Fall 2026,,,,,,,,,,,True,True,,,,,,,,,,,,,,,,,,,,,,,,,,,,https://www.academics.pitt.edu/programs,,,,FALSE,False,,,,,,,,,,,,,,,,,,,,,False,False,,,,,,,,,,,,,,,,,,,,,,,,,,FALSE,,,FALSE,FALSE,,
,"Computational Modeling and Simulation, PhD",,,,,Doctoral,Fall 2026,,,,,,,,,,,True,True,,,,,,,,,,,,,,,,,,,,,,,,,,,,https://www.academics.pitt.edu/programs,,,,FALSE,False,,,,,,,,,,,,,,,,,,,,,False,False,,,,,,,,,,,,,,,,,,,,,,,,,,FALSE,,,FALSE,FALSE,,
,"Master of Science in Computer Science,",,,,,Graduate,Fall 2026,,,,,,,,,,,True,True,,,,,,,,,,,,,,,,,,,,,,,,,,,,https://www.academics.pitt.edu/programs,,,,FALSE,False,,,,,,,,,,,,,,,,,,,,,False,False,,,,,,,,,,,,,,,,,,,,,,,,,,FALSE,,,FALSE,FALSE,,
,"Computer Science, PhD",,,,,Doctoral,Fall 2026,,,,,,,,,,,True,True,,,,,,,,,,,,,,,,,,,,,,,,,,,,https://www.academics.pitt.edu/programs,,,,FALSE,False,,,,,,,,,,,,,,,,,,,,,False,False,,,,,,,,,,,,,,,,,,,,,,,,,,FALSE,,,FALSE,FALSE,,
,"Master of Science in Computer Systems Networking and Telecommunications,",,,,,Graduate,Fall 2026,,,,,,,,,,,True,True,,,,,,,,,,,,,,,,,,,,,,,,,,,,https://www.academics.pitt.edu/programs,,,,FALSE,False,,,,,,,,,,,,,,,,,,,,,False,False,,,,,,,,,,,,,,,,,,,,,,,,,,FALSE,,,FALSE,FALSE,,
,"Critical European Culture Studies, PhD",,,,,Doctoral,Fall 2026,,,,,,,,,,,True,True,,,,,,,,,,,,,,,,,,,,,,,,,,,,https://www.academics.pitt.edu/programs,,,,FALSE,False,,,,,,,,,,,,,,,,,,,,,False,False,,,,,,,,,,,,,,,,,,,,,,,,,,FALSE,,,FALSE,FALSE,,
,"Curriculum and Instruction, MEd",,,,,Graduate,Fall 2026,,,,,,,,,,,True,True,,,,,,,,,,,,,,,,,,,,,,,,,,,,https://www.academics.pitt.edu/programs,,,,FALSE,False,,,,,,,,,,,,,,,,,,,,,False,False,,,,,,,,,,,,,,,,,,,,,,,,,,FALSE,,,FALSE,FALSE,,
,"Cyber Security, Policy & Law, Minor",,,,,Graduate,Fall 2026,,,,,,,,,,,True,True,,,,,,,,,,,,,,,,,,,,,,,,,,,,https://www.academics.pitt.edu/programs,,,,FALSE,False,,,,,,,,,,,,,,,,,,,,,False,False,,,,,,,,,,,,,,,,,,,,,,,,,,FALSE,,,FALSE,FALSE,,
,"Master of Science in Data Science,",,,,,Graduate,Fall 2026,,,,,,,,,,,True,True,,,,,,,,,,,,,,,,,,,,,,,,,,,,https://www.academics.pitt.edu/programs,,,,FALSE,False,,,,,,,,,,,,,,,,,,,,,False,False,,,,,,,,,,,,,,,,,,,,,,,,,,FALSE,,,FALSE,FALSE,,
,"Direct Practice Specialization, MSW",,,,,Graduate,Fall 2026,,,,,,,,,,,True,True,,,,,,,,,,,,,,,,,,,,,,,,,,,,https://www.academics.pitt.edu/programs,,,,FALSE,False,,,,,,,,,,,,,,,,,,,,,False,False,,,,,,,,,,,,,,,,,,,,,,,,,,FALSE,,,FALSE,FALSE,,
,Doctor of Business Administration (DBA),,,,,Doctoral,Fall 2026,,,,,,,,,,,True,True,,,,,,,,,,,,,,,,,,,,,,,,,,,,https://www.academics.pitt.edu/programs,,,,FALSE,False,,,,,,,,,,,,,,,,,,,,,False,False,,,,,,,,,,,,,,,,,,,,,,,,,,FALSE,,,FALSE,FALSE,,
,Doctor of Chiropractic,,,,,Doctoral,Fall 2026,,,,,,,,,,,True,True,,,,,,,,,,,,,,,,,,,,,,,,,,,,https://www.academics.pitt.edu/programs,,,,FALSE,False,,,,,,,,,,,,,,,,,,,,,False,False,,,,,,,,,,,,,,,,,,,,,,,,,,FALSE,,,FALSE,FALSE,,
,Doctor of Clinical Science (CScD) in Medical Speech-Language Pathology,,,,,Doctoral,Fall 2026,,,,,,,,,,,True,True,,,,,,,,,,,,,,,,,,,,,,,,,,,,https://www.academics.pitt.edu/programs,,,,FALSE,False,,,,,,,,,,,,,,,,,,,,,False,False,,,,,,,,,,,,,,,,,,,,,,,,,,FALSE,,,FALSE,FALSE,,
,Doctor of Clinical Science (CScD) in Occupational Therapy,,,,,Doctoral,Fall 2026,,,,,,,,,,,True,True,,,,,,,,,,,,,,,,,,,,,,,,,,,,https://www.academics.pitt.edu/programs,,,,FALSE,False,,,,,,,,,,,,,,,,,,,,,False,False,,,,,,,,,,,,,,,,,,,,,,,,,,FALSE,,,FALSE,FALSE,,
,Doctor of Juridical Science (SJD),,,,,Doctoral,Fall 2026,,,,,,,,,,,True,True,,,,,,,,,,,,,,,,,,,,,,,,,,,,https://www.academics.pitt.edu/programs,,,,FALSE,False,,,,,,,,,,,,,,,,,,,,,False,False,,,,,,,,,,,,,,,,,,,,,,,,,,FALSE,,,FALSE,FALSE,,
,Doctor of Philosophy in Public & International Affairs,,,,,Doctoral,Fall 2026,,,,,,,,,,,True,True,,,,,,,,,,,,,,,,,,,,,,,,,,,,https://www.academics.pitt.edu/programs,,,,FALSE,False,,,,,,,,,,,,,,,,,,,,,False,False,,,,,,,,,,,,,,,,,,,,,,,,,,FALSE,,,FALSE,FALSE,,
,"Master of Science in Dual-degree Business Administration, MBA / Finance,",,,,,Graduate,Fall 2026,,,,,,,,,,,True,True,,,,,,,,,,,,,,,,,,,,,,,,,,,,https://www.academics.pitt.edu/programs,,,,FALSE,False,,,,,,,,,,,,,,,,,,,,,False,False,,,,,,,,,,,,,,,,,,,,,,,,,,FALSE,,,FALSE,FALSE,,
,"Master of Science in Dual-degree MBA / Marketing Science,",,,,,Graduate,Fall 2026,,,,,,,,,,,True,True,,,,,,,,,,,,,,,,,,,,,,,,,,,,https://www.academics.pitt.edu/programs,,,,FALSE,False,,,,,,,,,,,,,,,,,,,,,False,False,,,,,,,,,,,,,,,,,,,,,,,,,,FALSE,,,FALSE,FALSE,,
,"Master of Science in Dual-degree MBA / Supply Chain Management,",,,,,Graduate,Fall 2026,,,,,,,,,,,True,True,,,,,,,,,,,,,,,,,,,,,,,,,,,,https://www.academics.pitt.edu/programs,,,,FALSE,False,,,,,,,,,,,,,,,,,,,,,False,False,,,,,,,,,,,,,,,,,,,,,,,,,,FALSE,,,FALSE,FALSE,,
,"Early Childhood Education, MEd",,,,,Graduate,Fall 2026,,,,,,,,,,,True,True,,,,,,,,,,,,,,,,,,,,,,,,,,,,https://www.academics.pitt.edu/programs,,,,FALSE,False,,,,,,,,,,,,,,,,,,,,,False,False,,,,,,,,,,,,,,,,,,,,,,,,,,FALSE,,,FALSE,FALSE,,
,Early Modern History and Philosophy of Science,,,,,Graduate,Fall 2026,,,,,,,,,,,True,True,,,,,,,,,,,,,,,,,,,,,,,,,,,,https://www.academics.pitt.edu/programs,,,,FALSE,False,,,,,,,,,,,,,,,,,,,,,False,False,,,,,,,,,,,,,,,,,,,,,,,,,,FALSE,,,FALSE,FALSE,,
,"Master of Business Administration in East Asian Studies, MA/",,,,,Graduate,Fall 2026,,,,,,,,,,,True,True,,,,,,,,,,,,,,,,,,,,,,,,,,,,https://www.academics.pitt.edu/programs,,,,FALSE,False,,,,,,,,,,,,,,,,,,,,,False,False,,,,,,,,,,,,,,,,,,,,,,,,,,FALSE,,,FALSE,FALSE,,
,"Economics, PhD",,,,,Doctoral,Fall 2026,,,,,,,,,,,True,True,,,,,,,,,,,,,,,,,,,,,,,,,,,,https://www.academics.pitt.edu/programs,,,,FALSE,False,,,,,,,,,,,,,,,,,,,,,False,False,,,,,,,,,,,,,,,,,,,,,,,,,,FALSE,,,FALSE,FALSE,,
,"Education Leadership, MEd",,,,,Graduate,Fall 2026,,,,,,,,,,,True,True,,,,,,,,,,,,,,,,,,,,,,,,,,,,https://www.academics.pitt.edu/programs,,,,FALSE,False,,,,,,,,,,,,,,,,,,,,,False,False,,,,,,,,,,,,,,,,,,,,,,,,,,FALSE,,,FALSE,FALSE,,
,"Master of Arts in Education Policy,",,,,,Graduate,Fall 2026,,,,,,,,,,,True,True,,,,,,,,,,,,,,,,,,,,,,,,,,,,https://www.academics.pitt.edu/programs,,,,FALSE,False,,,,,,,,,,,,,,,,,,,,,False,False,,,,,,,,,,,,,,,,,,,,,,,,,,FALSE,,,FALSE,FALSE,,
,"Electrical & Computer Engineering, MBA/MSE",,,,,Graduate,Fall 2026,,,,,,,,,,,True,True,,,,,,,,,,,,,,,,,,,,,,,,,,,,https://www.academics.pitt.edu/programs,,,,FALSE,False,,,,,,,,,,,,,,,,,,,,,False,False,,,,,,,,,,,,,,,,,,,,,,,,,,FALSE,,,FALSE,FALSE,,
,Energy & Environment Concentration,,,,,Graduate,Fall 2026,,,,,,,,,,,True,True,,,,,,,,,,,,,,,,,,,,,,,,,,,,https://www.academics.pitt.edu/programs,,,,FALSE,False,,,,,,,,,,,,,,,,,,,,,False,False,,,,,,,,,,,,,,,,,,,,,,,,,,FALSE,,,FALSE,FALSE,,
,"Master of Arts in Energy, Environment, and Natural Resources Law,",,,,,Graduate,Fall 2026,,,,,,,,,,,True,True,,,,,,,,,,,,,,,,,,,,,,,,,,,,https://www.academics.pitt.edu/programs,,,,FALSE,False,,,,,,,,,,,,,,,,,,,,,False,False,,,,,,,,,,,,,,,,,,,,,,,,,,FALSE,,,FALSE,FALSE,,
,"Master of Business Administration in Executive Master of Business Administration, ",,,,,Graduate,Fall 2026,,,,,,,,,,,True,True,,,,,,,,,,,,,,,,,,,,,,,,,,,,https://www.academics.pitt.edu/programs,,,,FALSE,False,,,,,,,,,,,,,,,,,,,,,False,False,,,,,,,,,,,,,,,,,,,,,,,,,,FALSE,,,FALSE,FALSE,,
,"Master of Science in Executive Masters of Business Administration Healthcare,",,,,,Graduate,Fall 2026,,,,,,,,,,,True,True,,,,,,,,,,,,,,,,,,,,,,,,,,,,https://www.academics.pitt.edu/programs,,,,FALSE,False,,,,,,,,,,,,,,,,,,,,,False,False,,,,,,,,,,,,,,,,,,,,,,,,,,FALSE,,,FALSE,FALSE,,
,"Master of Science in Finance,",,,,,Graduate,Fall 2026,,,,,,,,,,,True,True,,,,,,,,,,,,,,,,,,,,,,,,,,,,https://www.academics.pitt.edu/programs,,,,FALSE,False,,,,,,,,,,,,,,,,,,,,,False,False,,,,,,,,,,,,,,,,,,,,,,,,,,FALSE,,,FALSE,FALSE,,
,General Practice Residency Certificate,,,,,Graduate-Certificate,Fall 2026,,,,,,,,,,,True,True,,,,,,,,,,,,,,,,,,,,,,,,,,,,https://www.academics.pitt.edu/programs,,,,FALSE,False,,,,,,,,,,,,,,,,,,,,,False,False,,,,,,,,,,,,,,,,,,,,,,,,,,FALSE,,,FALSE,FALSE,,
,Governance & International Public Management Concentration,,,,,Graduate,Fall 2026,,,,,,,,,,,True,True,,,,,,,,,,,,,,,,,,,,,,,,,,,,https://www.academics.pitt.edu/programs,,,,FALSE,False,,,,,,,,,,,,,,,,,,,,,False,False,,,,,,,,,,,,,,,,,,,,,,,,,,FALSE,,,FALSE,FALSE,,
,"Master of Science in Health and Wellness Management,",,,,,Graduate,Fall 2026,,,,,,,,,,,True,True,,,,,,,,,,,,,,,,,,,,,,,,,,,,https://www.academics.pitt.edu/programs,,,,FALSE,False,,,,,,,,,,,,,,,,,,,,,False,False,,,,,,,,,,,,,,,,,,,,,,,,,,FALSE,,,FALSE,FALSE,,
,"Master of Science in Health Informatics,",,,,,Graduate,Fall 2026,,,,,,,,,,,True,True,,,,,,,,,,,,,,,,,,,,,,,,,,,,https://www.academics.pitt.edu/programs,,,,FALSE,False,,,,,,,,,,,,,,,,,,,,,False,False,,,,,,,,,,,,,,,,,,,,,,,,,,FALSE,,,FALSE,FALSE,,
,"Health Information Systems, MS Concentration",,,,,Graduate,Fall 2026,,,,,,,,,,,True,True,,,,,,,,,,,,,,,,,,,,,,,,,,,,https://www.academics.pitt.edu/programs,,,,FALSE,False,,,,,,,,,,,,,,,,,,,,,False,False,,,,,,,,,,,,,,,,,,,,,,,,,,FALSE,,,FALSE,FALSE,,
,"Hearing and Vision Sciences, Certificate",,,,,Graduate-Certificate,Fall 2026,,,,,,,,,,,True,True,,,,,,,,,,,,,,,,,,,,,,,,,,,,https://www.academics.pitt.edu/programs,,,,FALSE,False,,,,,,,,,,,,,,,,,,,,,False,False,,,,,,,,,,,,,,,,,,,,,,,,,,FALSE,,,FALSE,FALSE,,
,"Higher Education, MEd",,,,,Graduate,Fall 2026,,,,,,,,,,,True,True,,,,,,,,,,,,,,,,,,,,,,,,,,,,https://www.academics.pitt.edu/programs,,,,FALSE,False,,,,,,,,,,,,,,,,,,,,,False,False,,,,,,,,,,,,,,,,,,,,,,,,,,FALSE,,,FALSE,FALSE,,
,History & Philosophy of Biology and Medicine,,,,,Graduate,Fall 2026,,,,,,,,,,,True,True,,,,,,,,,,,,,,,,,,,,,,,,,,,,https://www.academics.pitt.edu/programs,,,,FALSE,False,,,,,,,,,,,,,,,,,,,,,False,False,,,,,,,,,,,,,,,,,,,,,,,,,,FALSE,,,FALSE,FALSE,,
,"History & Philosophy of Cognitive, Neural, and Behavioral Sciences",,,,,Graduate,Fall 2026,,,,,,,,,,,True,True,,,,,,,,,,,,,,,,,,,,,,,,,,,,https://www.academics.pitt.edu/programs,,,,FALSE,False,,,,,,,,,,,,,,,,,,,,,False,False,,,,,,,,,,,,,,,,,,,,,,,,,,FALSE,,,FALSE,FALSE,,
,History & Philosophy of Physics,,,,,Graduate,Fall 2026,,,,,,,,,,,True,True,,,,,,,,,,,,,,,,,,,,,,,,,,,,https://www.academics.pitt.edu/programs,,,,FALSE,False,,,,,,,,,,,,,,,,,,,,,False,False,,,,,,,,,,,,,,,,,,,,,,,,,,FALSE,,,FALSE,FALSE,,
,Human Security Concentration,,,,,Graduate,Fall 2026,,,,,,,,,,,True,True,,,,,,,,,,,,,,,,,,,,,,,,,,,,https://www.academics.pitt.edu/programs,,,,FALSE,False,,,,,,,,,,,,,,,,,,,,,False,False,,,,,,,,,,,,,,,,,,,,,,,,,,FALSE,,,FALSE,FALSE,,
,"Human Security, JD/MPIA",,,,,Graduate,Fall 2026,,,,,,,,,,,True,True,,,,,,,,,,,,,,,,,,,,,,,,,,,,https://www.academics.pitt.edu/programs,,,,FALSE,False,,,,,,,,,,,,,,,,,,,,,False,False,,,,,,,,,,,,,,,,,,,,,,,,,,FALSE,,,FALSE,FALSE,,
,"Human Security, MBA/MPIA",,,,,Graduate,Fall 2026,,,,,,,,,,,True,True,,,,,,,,,,,,,,,,,,,,,,,,,,,,https://www.academics.pitt.edu/programs,,,,FALSE,False,,,,,,,,,,,,,,,,,,,,,False,False,,,,,,,,,,,,,,,,,,,,,,,,,,FALSE,,,FALSE,FALSE,,
,"Human Security, MPIA",,,,,Graduate,Fall 2026,,,,,,,,,,,True,True,,,,,,,,,,,,,,,,,,,,,,,,,,,,https://www.academics.pitt.edu/programs,,,,FALSE,False,,,,,,,,,,,,,,,,,,,,,False,False,,,,,,,,,,,,,,,,,,,,,,,,,,FALSE,,,FALSE,FALSE,,
,"Human Security, MPIA/MIS",,,,,Graduate,Fall 2026,,,,,,,,,,,True,True,,,,,,,,,,,,,,,,,,,,,,,,,,,,https://www.academics.pitt.edu/programs,,,,FALSE,False,,,,,,,,,,,,,,,,,,,,,False,False,,,,,,,,,,,,,,,,,,,,,,,,,,FALSE,,,FALSE,FALSE,,
,"Human Security, MPIA/MPH",,,,,Graduate,Fall 2026,,,,,,,,,,,True,True,,,,,,,,,,,,,,,,,,,,,,,,,,,,https://www.academics.pitt.edu/programs,,,,FALSE,False,,,,,,,,,,,,,,,,,,,,,False,False,,,,,,,,,,,,,,,,,,,,,,,,,,FALSE,,,FALSE,FALSE,,
,"Human Security, MPIA/MSW",,,,,Graduate,Fall 2026,,,,,,,,,,,True,True,,,,,,,,,,,,,,,,,,,,,,,,,,,,https://www.academics.pitt.edu/programs,,,,FALSE,False,,,,,,,,,,,,,,,,,,,,,False,False,,,,,,,,,,,,,,,,,,,,,,,,,,FALSE,,,FALSE,FALSE,,
,"Industrial Engineering, PhD",,,,,Doctoral,Fall 2026,,,,,,,,,,,True,True,,,,,,,,,,,,,,,,,,,,,,,,,,,,https://www.academics.pitt.edu/programs,,,,FALSE,False,,,,,,,,,,,,,,,,,,,,,False,False,,,,,,,,,,,,,,,,,,,,,,,,,,FALSE,,,FALSE,FALSE,,
,Infant Mental Health Continuing Education Course,,,,,Graduate,Fall 2026,,,,,,,,,,,True,True,,,,,,,,,,,,,,,,,,,,,,,,,,,,https://www.academics.pitt.edu/programs,,,,FALSE,False,,,,,,,,,,,,,,,,,,,,,False,False,,,,,,,,,,,,,,,,,,,,,,,,,,FALSE,,,FALSE,FALSE,,
,"Master of Science in Information Science,",,,,,Graduate,Fall 2026,,,,,,,,,,,True,True,,,,,,,,,,,,,,,,,,,,,,,,,,,,https://www.academics.pitt.edu/programs,,,,FALSE,False,,,,,,,,,,,,,,,,,,,,,False,False,,,,,,,,,,,,,,,,,,,,,,,,,,FALSE,,,FALSE,FALSE,,
,Institute for Clinical Research Education,,,,,Graduate,Fall 2026,,,,,,,,,,,True,True,,,,,,,,,,,,,,,,,,,,,,,,,,,,https://www.academics.pitt.edu/programs,,,,FALSE,False,,,,,,,,,,,,,,,,,,,,,False,False,,,,,,,,,,,,,,,,,,,,,,,,,,FALSE,,,FALSE,FALSE,,
,"Instruction and Learning - Curriculum for Early Intervention - Doctor of Philosophy, PhD",,,,,Doctoral,Fall 2026,,,,,,,,,,,True,True,,,,,,,,,,,,,,,,,,,,,,,,,,,,https://www.academics.pitt.edu/programs,,,,FALSE,False,,,,,,,,,,,,,,,,,,,,,False,False,,,,,,,,,,,,,,,,,,,,,,,,,,FALSE,,,FALSE,FALSE,,
,"Instruction and Learning - Vision Studies - Doctor of Philosophy, PhD",,,,,Doctoral,Fall 2026,,,,,,,,,,,True,True,,,,,,,,,,,,,,,,,,,,,,,,,,,,https://www.academics.pitt.edu/programs,,,,FALSE,False,,,,,,,,,,,,,,,,,,,,,False,False,,,,,,,,,,,,,,,,,,,,,,,,,,FALSE,,,FALSE,FALSE,,
,"Integrative Systems Biology, PhD",,,,,Doctoral,Fall 2026,,,,,,,,,,,True,True,,,,,,,,,,,,,,,,,,,,,,,,,,,,https://www.academics.pitt.edu/programs,,,,FALSE,False,,,,,,,,,,,,,,,,,,,,,False,False,,,,,,,,,,,,,,,,,,,,,,,,,,FALSE,,,FALSE,FALSE,,
,"Intelligent Systems, PhD",,,,,Doctoral,Fall 2026,,,,,,,,,,,True,True,,,,,,,,,,,,,,,,,,,,,,,,,,,,https://www.academics.pitt.edu/programs,,,,FALSE,False,,,,,,,,,,,,,,,,,,,,,False,False,,,,,,,,,,,,,,,,,,,,,,,,,,FALSE,,,FALSE,FALSE,,
,Interdisciplinary Biomedical Graduate Program,,,,,Graduate,Fall 2026,,,,,,,,,,,True,True,,,,,,,,,,,,,,,,,,,,,,,,,,,,https://www.academics.pitt.edu/programs,,,,FALSE,False,,,,,,,,,,,,,,,,,,,,,False,False,,,,,,,,,,,,,,,,,,,,,,,,,,FALSE,,,FALSE,FALSE,,
,"Master of Arts in International Law,",,,,,Graduate,Fall 2026,,,,,,,,,,,True,True,,,,,,,,,,,,,,,,,,,,,,,,,,,,https://www.academics.pitt.edu/programs,,,,FALSE,False,,,,,,,,,,,,,,,,,,,,,False,False,,,,,,,,,,,,,,,,,,,,,,,,,,FALSE,,,FALSE,FALSE,,
,International Political Economy Concentration,,,,,Graduate,Fall 2026,,,,,,,,,,,True,True,,,,,,,,,,,,,,,,,,,,,,,,,,,,https://www.academics.pitt.edu/programs,,,,FALSE,False,,,,,,,,,,,,,,,,,,,,,False,False,,,,,,,,,,,,,,,,,,,,,,,,,,FALSE,,,FALSE,FALSE,,
,"International Political Economy, MPIA",,,,,Graduate,Fall 2026,,,,,,,,,,,True,True,,,,,,,,,,,,,,,,,,,,,,,,,,,,https://www.academics.pitt.edu/programs,,,,FALSE,False,,,,,,,,,,,,,,,,,,,,,False,False,,,,,,,,,,,,,,,,,,,,,,,,,,FALSE,,,FALSE,FALSE,,
,"Intelligent Systems Program, MSIS",,,,,Graduate,Fall 2026,,,,,,,,,,,True,True,,,,,,,,,,,,,,,,,,,,,,,,,,,,https://www.academics.pitt.edu/programs,,,,FALSE,False,,,,,,,,,,,,,,,,,,,,,False,False,,,,,,,,,,,,,,,,,,,,,,,,,,FALSE,,,FALSE,FALSE,,
,Juris Doctor (JD),,,,,Doctoral,Fall 2026,,,,,,,,,,,True,True,,,,,,,,,,,,,,,,,,,,,,,,,,,,https://www.academics.pitt.edu/programs,,,,FALSE,False,,,,,,,,,,,,,,,,,,,,,False,False,,,,,,,,,,,,,,,,,,,,,,,,,,FALSE,,,FALSE,FALSE,,
,Juris Doctor/Master of Arts (JD/MA),,,,,Doctoral,Fall 2026,,,,,,,,,,,True,True,,,,,,,,,,,,,,,,,,,,,,,,,,,,https://www.academics.pitt.edu/programs,,,,FALSE,False,,,,,,,,,,,,,,,,,,,,,False,False,,,,,,,,,,,,,,,,,,,,,,,,,,FALSE,,,FALSE,FALSE,,
,Juris Doctor/Master of Arts Management (JD/MAM),,,,,Doctoral,Fall 2026,,,,,,,,,,,True,True,,,,,,,,,,,,,,,,,,,,,,,,,,,,https://www.academics.pitt.edu/programs,,,,FALSE,False,,,,,,,,,,,,,,,,,,,,,False,False,,,,,,,,,,,,,,,,,,,,,,,,,,FALSE,,,FALSE,FALSE,,
,Juris Doctor/Master of Business Administration (JD/MBA),,,,,Doctoral,Fall 2026,,,,,,,,,,,True,True,,,,,,,,,,,,,,,,,,,,,,,,,,,,https://www.academics.pitt.edu/programs,,,,FALSE,False,,,,,,,,,,,,,,,,,,,,,False,False,,,,,,,,,,,,,,,,,,,,,,,,,,FALSE,,,FALSE,FALSE,,
,Juris Doctor/Master of International Development (JD/MID),,,,,Doctoral,Fall 2026,,,,,,,,,,,True,True,,,,,,,,,,,,,,,,,,,,,,,,,,,,https://www.academics.pitt.edu/programs,,,,FALSE,False,,,,,,,,,,,,,,,,,,,,,False,False,,,,,,,,,,,,,,,,,,,,,,,,,,FALSE,,,FALSE,FALSE,,
,Juris Doctor/Master of Public Administration (JD/MPA),,,,,Doctoral,Fall 2026,,,,,,,,,,,True,True,,,,,,,,,,,,,,,,,,,,,,,,,,,,https://www.academics.pitt.edu/programs,,,,FALSE,False,,,,,,,,,,,,,,,,,,,,,False,False,,,,,,,,,,,,,,,,,,,,,,,,,,FALSE,,,FALSE,FALSE,,
,Juris Doctor/Master of Public and International Affairs (JD/MPIA),,,,,Doctoral,Fall 2026,,,,,,,,,,,True,True,,,,,,,,,,,,,,,,,,,,,,,,,,,,https://www.academics.pitt.edu/programs,,,,FALSE,False,,,,,,,,,,,,,,,,,,,,,False,False,,,,,,,,,,,,,,,,,,,,,,,,,,FALSE,,,FALSE,FALSE,,
,Juris Doctor/Master of Public Health (JD/MPH),,,,,Doctoral,Fall 2026,,,,,,,,,,,True,True,,,,,,,,,,,,,,,,,,,,,,,,,,,,https://www.academics.pitt.edu/programs,,,,FALSE,False,,,,,,,,,,,,,,,,,,,,,False,False,,,,,,,,,,,,,,,,,,,,,,,,,,FALSE,,,FALSE,FALSE,,
,Juris Doctor/Master of Science in Public Policy and Management (JD/MSPPM),,,,,Doctoral,Fall 2026,,,,,,,,,,,True,True,,,,,,,,,,,,,,,,,,,,,,,,,,,,https://www.academics.pitt.edu/programs,,,,FALSE,False,,,,,,,,,,,,,,,,,,,,,False,False,,,,,,,,,,,,,,,,,,,,,,,,,,FALSE,,,FALSE,FALSE,,
,Juris Doctor/Master of Social Work (JD/MSW),,,,,Doctoral,Fall 2026,,,,,,,,,,,True,True,,,,,,,,,,,,,,,,,,,,,,,,,,,,https://www.academics.pitt.edu/programs,,,,FALSE,False,,,,,,,,,,,,,,,,,,,,,False,False,,,,,,,,,,,,,,,,,,,,,,,,,,FALSE,,,FALSE,FALSE,,
,"Language, Literacy and Culture, PhD",,,,,Doctoral,Fall 2026,,,,,,,,,,,True,True,,,,,,,,,,,,,,,,,,,,,,,,,,,,https://www.academics.pitt.edu/programs,,,,FALSE,False,,,,,,,,,,,,,,,,,,,,,False,False,,,,,,,,,,,,,,,,,,,,,,,,,,FALSE,,,FALSE,FALSE,,
,"Law, PhD",,,,,Doctoral,Fall 2026,,,,,,,,,,,True,True,,,,,,,,,,,,,,,,,,,,,,,,,,,,https://www.academics.pitt.edu/programs,,,,FALSE,False,,,,,,,,,,,,,,,,,,,,,False,False,,,,,,,,,,,,,,,,,,,,,,,,,,FALSE,,,FALSE,FALSE,,
,"Master of Arts in Legal Studies,",,,,,Graduate,Fall 2026,,,,,,,,,,,True,True,,,,,,,,,,,,,,,,,,,,,,,,,,,,https://www.academics.pitt.edu/programs,,,,FALSE,False,,,,,,,,,,,,,,,,,,,,,False,False,,,,,,,,,,,,,,,,,,,,,,,,,,FALSE,,,FALSE,FALSE,,
,"Library and Information Science, MLIS",,,,,Graduate,Fall 2026,,,,,,,,,,,True,True,,,,,,,,,,,,,,,,,,,,,,,,,,,,https://www.academics.pitt.edu/programs,,,,FALSE,False,,,,,,,,,,,,,,,,,,,,,False,False,,,,,,,,,,,,,,,,,,,,,,,,,,FALSE,,,FALSE,FALSE,,
,LL M Program for Foreign-Trained Lawyers,,,,,Graduate,Fall 2026,,,,,,,,,,,True,True,,,,,,,,,,,,,,,,,,,,,,,,,,,,https://www.academics.pitt.edu/programs,,,,FALSE,False,,,,,,,,,,,,,,,,,,,,,False,False,,,,,,,,,,,,,,,,,,,,,,,,,,FALSE,,,FALSE,FALSE,,
,"Master of Science in Management and Business Analytics,",,,,,Graduate,Fall 2026,,,,,,,,,,,True,True,,,,,,,,,,,,,,,,,,,,,,,,,,,,https://www.academics.pitt.edu/programs,,,,FALSE,False,,,,,,,,,,,,,,,,,,,,,False,False,,,,,,,,,,,,,,,,,,,,,,,,,,FALSE,,,FALSE,FALSE,,
,Master of Arts in Teaching,,,,,Graduate,Fall 2026,,,,,,,,,,,True,True,,,,,,,,,,,,,,,,,,,,,,,,,,,,https://www.academics.pitt.edu/programs,,,,FALSE,False,,,,,,,,,,,,,,,,,,,,,False,False,,,,,,,,,,,,,,,,,,,,,,,,,,FALSE,,,FALSE,FALSE,,
,Master of Business Administration in Master of Business Administration - Accelerated ,,,,,Graduate,Fall 2026,,,,,,,,,,,True,True,,,,,,,,,,,,,,,,,,,,,,,,,,,,https://www.academics.pitt.edu/programs,,,,FALSE,False,,,,,,,,,,,,,,,,,,,,,False,False,,,,,,,,,,,,,,,,,,,,,,,,,,FALSE,,,FALSE,FALSE,,
,"Master of Business Administration in Master of Business Administration - One-Year Program, ",,,,,Graduate,Fall 2026,,,,,,,,,,,True,True,,,,,,,,,,,,,,,,,,,,,,,,,,,,https://www.academics.pitt.edu/programs,,,,FALSE,False,,,,,,,,,,,,,,,,,,,,,False,False,,,,,,,,,,,,,,,,,,,,,,,,,,FALSE,,,FALSE,FALSE,,
,"Master of Business Administration in Master of Business Administration - Part Time/Evening Program, ",,,,,Graduate,Fall 2026,,,,,,,,,,,True,True,,,,,,,,,,,,,,,,,,,,,,,,,,,,https://www.academics.pitt.edu/programs,,,,FALSE,False,,,,,,,,,,,,,,,,,,,,,False,False,,,,,,,,,,,,,,,,,,,,,,,,,,FALSE,,,FALSE,FALSE,,
,Master of Business Administration in Master of Business Administration - Part-time ,,,,,Graduate,Fall 2026,,,,,,,,,,,True,True,,,,,,,,,,,,,,,,,,,,,,,,,,,,https://www.academics.pitt.edu/programs,,,,FALSE,False,,,,,,,,,,,,,,,,,,,,,False,False,,,,,,,,,,,,,,,,,,,,,,,,,,FALSE,,,FALSE,FALSE,,
,"Master of Business Administration in Master of Business Administration - Two-Year Program, ",,,,,Graduate,Fall 2026,,,,,,,,,,,True,True,,,,,,,,,,,,,,,,,,,,,,,,,,,,https://www.academics.pitt.edu/programs,,,,FALSE,False,,,,,,,,,,,,,,,,,,,,,False,False,,,,,,,,,,,,,,,,,,,,,,,,,,FALSE,,,FALSE,FALSE,,
,Master of Business Administration in Master of Business Administration,,,,,Graduate,Fall 2026,,,,,,,,,,,True,True,,,,,,,,,,,,,,,,,,,,,,,,,,,,https://www.academics.pitt.edu/programs,,,,FALSE,False,,,,,,,,,,,,,,,,,,,,,False,False,,,,,,,,,,,,,,,,,,,,,,,,,,FALSE,,,FALSE,FALSE,,
,"Master of Business Administration/Management Information Systems Dual Degree, MBA/MS-MIS",,,,,Graduate,Fall 2026,,,,,,,,,,,True,True,,,,,,,,,,,,,,,,,,,,,,,,,,,,https://www.academics.pitt.edu/programs,,,,FALSE,False,,,,,,,,,,,,,,,,,,,,,False,False,,,,,,,,,,,,,,,,,,,,,,,,,,FALSE,,,FALSE,FALSE,,
,Master of Dental Science (MDS),,,,,Graduate,Fall 2026,,,,,,,,,,,True,True,,,,,,,,,,,,,,,,,,,,,,,,,,,,https://www.academics.pitt.edu/programs,,,,FALSE,False,,,,,,,,,,,,,,,,,,,,,False,False,,,,,,,,,,,,,,,,,,,,,,,,,,FALSE,,,FALSE,FALSE,,
,Master of Dental Science in Orthodontics and Dentofacial Orthopedics,,,,,Graduate,Fall 2026,,,,,,,,,,,True,True,,,,,,,,,,,,,,,,,,,,,,,,,,,,https://www.academics.pitt.edu/programs,,,,FALSE,False,,,,,,,,,,,,,,,,,,,,,False,False,,,,,,,,,,,,,,,,,,,,,,,,,,FALSE,,,FALSE,FALSE,,
,Master of International Development (MID),,,,,Graduate,Fall 2026,,,,,,,,,,,True,True,,,,,,,,,,,,,,,,,,,,,,,,,,,,https://www.academics.pitt.edu/programs,,,,FALSE,False,,,,,,,,,,,,,,,,,,,,,False,False,,,,,,,,,,,,,,,,,,,,,,,,,,FALSE,,,FALSE,FALSE,,
,Master of Public Administration (MPA),,,,,Graduate,Fall 2026,,,,,,,,,,,True,True,,,,,,,,,,,,,,,,,,,,,,,,,,,,https://www.academics.pitt.edu/programs,,,,FALSE,False,,,,,,,,,,,,,,,,,,,,,False,False,,,,,,,,,,,,,,,,,,,,,,,,,,FALSE,,,FALSE,FALSE,,
,Master of Public & International Affairs (MPIA),,,,,Graduate,Fall 2026,,,,,,,,,,,True,True,,,,,,,,,,,,,,,,,,,,,,,,,,,,https://www.academics.pitt.edu/programs,,,,FALSE,False,,,,,,,,,,,,,,,,,,,,,False,False,,,,,,,,,,,,,,,,,,,,,,,,,,FALSE,,,FALSE,FALSE,,
,Master of Public Policy & Management (MPPM),,,,,Graduate,Fall 2026,,,,,,,,,,,True,True,,,,,,,,,,,,,,,,,,,,,,,,,,,,https://www.academics.pitt.edu/programs,,,,FALSE,False,,,,,,,,,,,,,,,,,,,,,False,False,,,,,,,,,,,,,,,,,,,,,,,,,,FALSE,,,FALSE,FALSE,,
,Master of Rehabilitation Technology,,,,,Graduate,Fall 2026,,,,,,,,,,,True,True,,,,,,,,,,,,,,,,,,,,,,,,,,,,https://www.academics.pitt.edu/programs,,,,FALSE,False,,,,,,,,,,,,,,,,,,,,,False,False,,,,,,,,,,,,,,,,,,,,,,,,,,FALSE,,,FALSE,FALSE,,
,Master of Science in Accounting Program,,,,,Graduate,Fall 2026,,,,,,,,,,,True,True,,,,,,,,,,,,,,,,,,,,,,,,,,,,https://www.academics.pitt.edu/programs,,,,FALSE,False,,,,,,,,,,,,,,,,,,,,,False,False,,,,,,,,,,,,,,,,,,,,,,,,,,FALSE,,,FALSE,FALSE,,
,Master of Science in Finance Program,,,,,Graduate,Fall 2026,,,,,,,,,,,True,True,,,,,,,,,,,,,,,,,,,,,,,,,,,,https://www.academics.pitt.edu/programs,,,,FALSE,False,,,,,,,,,,,,,,,,,,,,,False,False,,,,,,,,,,,,,,,,,,,,,,,,,,FALSE,,,FALSE,FALSE,,
,Master of Science in Management Information Systems Program,,,,,Graduate,Fall 2026,,,,,,,,,,,True,True,,,,,,,,,,,,,,,,,,,,,,,,,,,,https://www.academics.pitt.edu/programs,,,,FALSE,False,,,,,,,,,,,,,,,,,,,,,False,False,,,,,,,,,,,,,,,,,,,,,,,,,,FALSE,,,FALSE,FALSE,,
,Master of Science in Marketing Science Program,,,,,Graduate,Fall 2026,,,,,,,,,,,True,True,,,,,,,,,,,,,,,,,,,,,,,,,,,,https://www.academics.pitt.edu/programs,,,,FALSE,False,,,,,,,,,,,,,,,,,,,,,False,False,,,,,,,,,,,,,,,,,,,,,,,,,,FALSE,,,FALSE,FALSE,,
,Master of Science in Supply Chain Management Program,,,,,Graduate,Fall 2026,,,,,,,,,,,True,True,,,,,,,,,,,,,,,,,,,,,,,,,,,,https://www.academics.pitt.edu/programs,,,,FALSE,False,,,,,,,,,,,,,,,,,,,,,False,False,,,,,,,,,,,,,,,,,,,,,,,,,,FALSE,,,FALSE,FALSE,,
,Master of Social Work (MSW),,,,,Graduate,Fall 2026,,,,,,,,,,,True,True,,,,,,,,,,,,,,,,,,,,,,,,,,,,https://www.academics.pitt.edu/programs,,,,FALSE,False,,,,,,,,,,,,,,,,,,,,,False,False,,,,,,,,,,,,,,,,,,,,,,,,,,FALSE,,,FALSE,FALSE,,
,Master of Social Work/Doctor of Philosophy (PhD) in Social Work,,,,,Doctoral,Fall 2026,,,,,,,,,,,True,True,,,,,,,,,,,,,,,,,,,,,,,,,,,,https://www.academics.pitt.edu/programs,,,,FALSE,False,,,,,,,,,,,,,,,,,,,,,False,False,,,,,,,,,,,,,,,,,,,,,,,,,,FALSE,,,FALSE,FALSE,,
,Master of Social Work/Master of Business Administration,,,,,Graduate,Fall 2026,,,,,,,,,,,True,True,,,,,,,,,,,,,,,,,,,,,,,,,,,,https://www.academics.pitt.edu/programs,,,,FALSE,False,,,,,,,,,,,,,,,,,,,,,False,False,,,,,,,,,,,,,,,,,,,,,,,,,,FALSE,,,FALSE,FALSE,,
,Master of Social Work/Master of Divinity,,,,,Graduate,Fall 2026,,,,,,,,,,,True,True,,,,,,,,,,,,,,,,,,,,,,,,,,,,https://www.academics.pitt.edu/programs,,,,FALSE,False,,,,,,,,,,,,,,,,,,,,,False,False,,,,,,,,,,,,,,,,,,,,,,,,,,FALSE,,,FALSE,FALSE,,
,Master of Social Work/Master of International Development,,,,,Graduate,Fall 2026,,,,,,,,,,,True,True,,,,,,,,,,,,,,,,,,,,,,,,,,,,https://www.academics.pitt.edu/programs,,,,FALSE,False,,,,,,,,,,,,,,,,,,,,,False,False,,,,,,,,,,,,,,,,,,,,,,,,,,FALSE,,,FALSE,FALSE,,
,Master of Social Work/Master of Public Administration,,,,,Graduate,Fall 2026,,,,,,,,,,,True,True,,,,,,,,,,,,,,,,,,,,,,,,,,,,https://www.academics.pitt.edu/programs,,,,FALSE,False,,,,,,,,,,,,,,,,,,,,,False,False,,,,,,,,,,,,,,,,,,,,,,,,,,FALSE,,,FALSE,FALSE,,
,Master of Social Work/Master of Public and International Affairs,,,,,Graduate,Fall 2026,,,,,,,,,,,True,True,,,,,,,,,,,,,,,,,,,,,,,,,,,,https://www.academics.pitt.edu/programs,,,,FALSE,False,,,,,,,,,,,,,,,,,,,,,False,False,,,,,,,,,,,,,,,,,,,,,,,,,,FALSE,,,FALSE,FALSE,,
,Master of Social Work/Master of Public Health,,,,,Graduate,Fall 2026,,,,,,,,,,,True,True,,,,,,,,,,,,,,,,,,,,,,,,,,,,https://www.academics.pitt.edu/programs,,,,FALSE,False,,,,,,,,,,,,,,,,,,,,,False,False,,,,,,,,,,,,,,,,,,,,,,,,,,FALSE,,,FALSE,FALSE,,
,Master of Studies in Law (MSL),,,,,Graduate,Fall 2026,,,,,,,,,,,True,True,,,,,,,,,,,,,,,,,,,,,,,,,,,,https://www.academics.pitt.edu/programs,,,,FALSE,False,,,,,,,,,,,,,,,,,,,,,False,False,,,,,,,,,,,,,,,,,,,,,,,,,,FALSE,,,FALSE,FALSE,,
,MBA/Juris Doctor Program,,,,,Doctoral,Fall 2026,,,,,,,,,,,True,True,,,,,,,,,,,,,,,,,,,,,,,,,,,,https://www.academics.pitt.edu/programs,,,,FALSE,False,,,,,,,,,,,,,,,,,,,,,False,False,,,,,,,,,,,,,,,,,,,,,,,,,,FALSE,,,FALSE,FALSE,,
,MBA/Master of International Business Dual Degree Program,,,,,Graduate,Fall 2026,,,,,,,,,,,True,True,,,,,,,,,,,,,,,,,,,,,,,,,,,,https://www.academics.pitt.edu/programs,,,,FALSE,False,,,,,,,,,,,,,,,,,,,,,False,False,,,,,,,,,,,,,,,,,,,,,,,,,,FALSE,,,FALSE,FALSE,,
,MBA/Master of International Development Joint Degree Program,,,,,Graduate,Fall 2026,,,,,,,,,,,True,True,,,,,,,,,,,,,,,,,,,,,,,,,,,,https://www.academics.pitt.edu/programs,,,,FALSE,False,,,,,,,,,,,,,,,,,,,,,False,False,,,,,,,,,,,,,,,,,,,,,,,,,,FALSE,,,FALSE,FALSE,,
,"Medical Education, MS, Certificate",,,,,Graduate-Certificate,Fall 2026,,,,,,,,,,,True,True,,,,,,,,,,,,,,,,,,,,,,,,,,,,https://www.academics.pitt.edu/programs,,,,FALSE,False,,,,,,,,,,,,,,,,,,,,,False,False,,,,,,,,,,,,,,,,,,,,,,,,,,FALSE,,,FALSE,FALSE,,
,"Microbiology and Immunology, PhD",,,,,Doctoral,Fall 2026,,,,,,,,,,,True,True,,,,,,,,,,,,,,,,,,,,,,,,,,,,https://www.academics.pitt.edu/programs,,,,FALSE,False,,,,,,,,,,,,,,,,,,,,,False,False,,,,,,,,,,,,,,,,,,,,,,,,,,FALSE,,,FALSE,FALSE,,
,Mindful Regulation Practices for Educators and Community,,,,,Graduate,Fall 2026,,,,,,,,,,,True,True,,,,,,,,,,,,,,,,,,,,,,,,,,,,https://www.academics.pitt.edu/programs,,,,FALSE,False,,,,,,,,,,,,,,,,,,,,,False,False,,,,,,,,,,,,,,,,,,,,,,,,,,FALSE,,,FALSE,FALSE,,
,Minor in Quantitative Research Methodology,,,,,Graduate,Fall 2026,,,,,,,,,,,True,True,,,,,,,,,,,,,,,,,,,,,,,,,,,,https://www.academics.pitt.edu/programs,,,,FALSE,False,,,,,,,,,,,,,,,,,,,,,False,False,,,,,,,,,,,,,,,,,,,,,,,,,,FALSE,,,FALSE,FALSE,,
,Minor in Secondary Teacher Education,,,,,Graduate,Fall 2026,,,,,,,,,,,True,True,,,,,,,,,,,,,,,,,,,,,,,,,,,,https://www.academics.pitt.edu/programs,,,,FALSE,False,,,,,,,,,,,,,,,,,,,,,False,False,,,,,,,,,,,,,,,,,,,,,,,,,,FALSE,,,FALSE,FALSE,,
,"Molecular Biophysics and Structural Biology, PhD",,,,,Doctoral,Fall 2026,,,,,,,,,,,True,True,,,,,,,,,,,,,,,,,,,,,,,,,,,,https://www.academics.pitt.edu/programs,,,,FALSE,False,,,,,,,,,,,,,,,,,,,,,False,False,,,,,,,,,,,,,,,,,,,,,,,,,,FALSE,,,FALSE,FALSE,,
,"Molecular Genetics & Developmental Biology, PhD",,,,,Doctoral,Fall 2026,,,,,,,,,,,True,True,,,,,,,,,,,,,,,,,,,,,,,,,,,,https://www.academics.pitt.edu/programs,,,,FALSE,False,,,,,,,,,,,,,,,,,,,,,False,False,,,,,,,,,,,,,,,,,,,,,,,,,,FALSE,,,FALSE,FALSE,,
,"Molecular Pharmacology, PhD",,,,,Doctoral,Fall 2026,,,,,,,,,,,True,True,,,,,,,,,,,,,,,,,,,,,,,,,,,,https://www.academics.pitt.edu/programs,,,,FALSE,False,,,,,,,,,,,,,,,,,,,,,False,False,,,,,,,,,,,,,,,,,,,,,,,,,,FALSE,,,FALSE,FALSE,,
,"Neurobiology/Neuroscience, PhD",,,,,Doctoral,Fall 2026,,,,,,,,,,,True,True,,,,,,,,,,,,,,,,,,,,,,,,,,,,https://www.academics.pitt.edu/programs,,,,FALSE,False,,,,,,,,,,,,,,,,,,,,,False,False,,,,,,,,,,,,,,,,,,,,,,,,,,FALSE,,,FALSE,FALSE,,
,Nongovernmental Organizations & Civil Society Concentration,,,,,Graduate,Fall 2026,,,,,,,,,,,True,True,,,,,,,,,,,,,,,,,,,,,,,,,,,,https://www.academics.pitt.edu/programs,,,,FALSE,False,,,,,,,,,,,,,,,,,,,,,False,False,,,,,,,,,,,,,,,,,,,,,,,,,,FALSE,,,FALSE,FALSE,,
,"Occupational Therapy, OTD",,,,,Doctoral,Fall 2026,,,,,,,,,,,True,True,,,,,,,,,,,,,,,,,,,,,,,,,,,,https://www.academics.pitt.edu/programs,,,,FALSE,False,,,,,,,,,,,,,,,,,,,,,False,False,,,,,,,,,,,,,,,,,,,,,,,,,,FALSE,,,FALSE,FALSE,,
,Oncology Graduate Program (OGP),,,,,Graduate,Fall 2026,,,,,,,,,,,True,True,,,,,,,,,,,,,,,,,,,,,,,,,,,,https://www.academics.pitt.edu/programs,,,,FALSE,False,,,,,,,,,,,,,,,,,,,,,False,False,,,,,,,,,,,,,,,,,,,,,,,,,,FALSE,,,FALSE,FALSE,,
,Oral and Maxillofacial Pathology Certificate,,,,,Graduate-Certificate,Fall 2026,,,,,,,,,,,True,True,,,,,,,,,,,,,,,,,,,,,,,,,,,,https://www.academics.pitt.edu/programs,,,,FALSE,False,,,,,,,,,,,,,,,,,,,,,False,False,,,,,,,,,,,,,,,,,,,,,,,,,,FALSE,,,FALSE,FALSE,,
,"Oral Biology, PhD Program",,,,,Doctoral,Fall 2026,,,,,,,,,,,True,True,,,,,,,,,,,,,,,,,,,,,,,,,,,,https://www.academics.pitt.edu/programs,,,,FALSE,False,,,,,,,,,,,,,,,,,,,,,False,False,,,,,,,,,,,,,,,,,,,,,,,,,,FALSE,,,FALSE,FALSE,,
,Orientation and Mobility Specialist – Certificate and MEd,,,,,Graduate-Certificate,Fall 2026,,,,,,,,,,,True,True,,,,,,,,,,,,,,,,,,,,,,,,,,,,https://www.academics.pitt.edu/programs,,,,FALSE,False,,,,,,,,,,,,,,,,,,,,,False,False,,,,,,,,,,,,,,,,,,,,,,,,,,FALSE,,,FALSE,FALSE,,
,Orthodontics and Dentofacial Orthopedics Certificate,,,,,Graduate-Certificate,Fall 2026,,,,,,,,,,,True,True,,,,,,,,,,,,,,,,,,,,,,,,,,,,https://www.academics.pitt.edu/programs,,,,FALSE,False,,,,,,,,,,,,,,,,,,,,,False,False,,,,,,,,,,,,,,,,,,,,,,,,,,FALSE,,,FALSE,FALSE,,
,PhD in Computational Modeling & Simulation,,,,,Doctoral,Fall 2026,,,,,,,,,,,True,True,,,,,,,,,,,,,,,,,,,,,,,,,,,,https://www.academics.pitt.edu/programs,,,,FALSE,False,,,,,,,,,,,,,,,,,,,,,False,False,,,,,,,,,,,,,,,,,,,,,,,,,,FALSE,,,FALSE,FALSE,,
,PhD in Human Development and Learning Sciences,,,,,Doctoral,Fall 2026,,,,,,,,,,,True,True,,,,,,,,,,,,,,,,,,,,,,,,,,,,https://www.academics.pitt.edu/programs,,,,FALSE,False,,,,,,,,,,,,,,,,,,,,,False,False,,,,,,,,,,,,,,,,,,,,,,,,,,FALSE,,,FALSE,FALSE,,
,PhD in Intelligent Systems,,,,,Doctoral,Fall 2026,,,,,,,,,,,True,True,,,,,,,,,,,,,,,,,,,,,,,,,,,,https://www.academics.pitt.edu/programs,,,,FALSE,False,,,,,,,,,,,,,,,,,,,,,False,False,,,,,,,,,,,,,,,,,,,,,,,,,,FALSE,,,FALSE,FALSE,,
,PhD Program in Public and International Affairs,,,,,Doctoral,Fall 2026,,,,,,,,,,,True,True,,,,,,,,,,,,,,,,,,,,,,,,,,,,https://www.academics.pitt.edu/programs,,,,FALSE,False,,,,,,,,,,,,,,,,,,,,,False,False,,,,,,,,,,,,,,,,,,,,,,,,,,FALSE,,,FALSE,FALSE,,
,"Physical Therapy, DPT",,,,,Doctoral,Fall 2026,,,,,,,,,,,True,True,,,,,,,,,,,,,,,,,,,,,,,,,,,,https://www.academics.pitt.edu/programs,,,,FALSE,False,,,,,,,,,,,,,,,,,,,,,False,False,,,,,,,,,,,,,,,,,,,,,,,,,,FALSE,,,FALSE,FALSE,,
,"Master of Science in Physician Assistant,",,,,,Graduate,Fall 2026,,,,,,,,,,,True,True,,,,,,,,,,,,,,,,,,,,,,,,,,,,https://www.academics.pitt.edu/programs,,,,FALSE,False,,,,,,,,,,,,,,,,,,,,,False,False,,,,,,,,,,,,,,,,,,,,,,,,,,FALSE,,,FALSE,FALSE,,
,"Master of Science in Physician Assistant Studies - Hybrid,",,,,,Graduate,Fall 2026,,,,,,,,,,,True,True,,,,,,,,,,,,,,,,,,,,,,,,,,,,https://www.academics.pitt.edu/programs,,,,FALSE,False,,,,,,,,,,,,,,,,,,,,,False,False,,,,,,,,,,,,,,,,,,,,,,,,,,FALSE,,,FALSE,FALSE,,
,Policy Research & Analysis Concentration,,,,,Graduate,Fall 2026,,,,,,,,,,,True,True,,,,,,,,,,,,,,,,,,,,,,,,,,,,https://www.academics.pitt.edu/programs,,,,FALSE,False,,,,,,,,,,,,,,,,,,,,,False,False,,,,,,,,,,,,,,,,,,,,,,,,,,FALSE,,,FALSE,FALSE,,
,"PreK-12 Special Education, MEd",,,,,Graduate,Fall 2026,,,,,,,,,,,True,True,,,,,,,,,,,,,,,,,,,,,,,,,,,,https://www.academics.pitt.edu/programs,,,,FALSE,False,,,,,,,,,,,,,,,,,,,,,False,False,,,,,,,,,,,,,,,,,,,,,,,,,,FALSE,,,FALSE,FALSE,,
,Primary Plus: PreK-4 Teaching Certificate,,,,,Graduate-Certificate,Fall 2026,,,,,,,,,,,True,True,,,,,,,,,,,,,,,,,,,,,,,,,,,,https://www.academics.pitt.edu/programs,,,,FALSE,False,,,,,,,,,,,,,,,,,,,,,False,False,,,,,,,,,,,,,,,,,,,,,,,,,,FALSE,,,FALSE,FALSE,,
,Program in Microbiology and Immunology (PMI),,,,,Graduate,Fall 2026,,,,,,,,,,,True,True,,,,,,,,,,,,,,,,,,,,,,,,,,,,https://www.academics.pitt.edu/programs,,,,FALSE,False,,,,,,,,,,,,,,,,,,,,,False,False,,,,,,,,,,,,,,,,,,,,,,,,,,FALSE,,,FALSE,FALSE,,
,"Prosthodontics, Certificate",,,,,Graduate-Certificate,Fall 2026,,,,,,,,,,,True,True,,,,,,,,,,,,,,,,,,,,,,,,,,,,https://www.academics.pitt.edu/programs,,,,FALSE,False,,,,,,,,,,,,,,,,,,,,,False,False,,,,,,,,,,,,,,,,,,,,,,,,,,FALSE,,,FALSE,FALSE,,
,Public & Nonprofit Management Concentration,,,,,Graduate,Fall 2026,,,,,,,,,,,True,True,,,,,,,,,,,,,,,,,,,,,,,,,,,,https://www.academics.pitt.edu/programs,,,,FALSE,False,,,,,,,,,,,,,,,,,,,,,False,False,,,,,,,,,,,,,,,,,,,,,,,,,,FALSE,,,FALSE,FALSE,,
,Reading Education – Certificate and MEd,,,,,Graduate-Certificate,Fall 2026,,,,,,,,,,,True,True,,,,,,,,,,,,,,,,,,,,,,,,,,,,https://www.academics.pitt.edu/programs,,,,FALSE,False,,,,,,,,,,,,,,,,,,,,,False,False,,,,,,,,,,,,,,,,,,,,,,,,,,FALSE,,,FALSE,FALSE,,
,"Master of Science in Rehabilitation,",,,,,Graduate,Fall 2026,,,,,,,,,,,True,True,,,,,,,,,,,,,,,,,,,,,,,,,,,,https://www.academics.pitt.edu/programs,,,,FALSE,False,,,,,,,,,,,,,,,,,,,,,False,False,,,,,,,,,,,,,,,,,,,,,,,,,,FALSE,,,FALSE,FALSE,,
,Security & Intelligence Studies Concentration,,,,,Graduate,Fall 2026,,,,,,,,,,,True,True,,,,,,,,,,,,,,,,,,,,,,,,,,,,https://www.academics.pitt.edu/programs,,,,FALSE,False,,,,,,,,,,,,,,,,,,,,,False,False,,,,,,,,,,,,,,,,,,,,,,,,,,FALSE,,,FALSE,FALSE,,
,"Security and Intelligence Studies, JD/MPIA",,,,,Graduate,Fall 2026,,,,,,,,,,,True,True,,,,,,,,,,,,,,,,,,,,,,,,,,,,https://www.academics.pitt.edu/programs,,,,FALSE,False,,,,,,,,,,,,,,,,,,,,,False,False,,,,,,,,,,,,,,,,,,,,,,,,,,FALSE,,,FALSE,FALSE,,
,"Security and Intelligence Studies, MBA/MPIA",,,,,Graduate,Fall 2026,,,,,,,,,,,True,True,,,,,,,,,,,,,,,,,,,,,,,,,,,,https://www.academics.pitt.edu/programs,,,,FALSE,False,,,,,,,,,,,,,,,,,,,,,False,False,,,,,,,,,,,,,,,,,,,,,,,,,,FALSE,,,FALSE,FALSE,,
,"Security and Intelligence Studies, MPIA",,,,,Graduate,Fall 2026,,,,,,,,,,,True,True,,,,,,,,,,,,,,,,,,,,,,,,,,,,https://www.academics.pitt.edu/programs,,,,FALSE,False,,,,,,,,,,,,,,,,,,,,,False,False,,,,,,,,,,,,,,,,,,,,,,,,,,FALSE,,,FALSE,FALSE,,
,"Security and Intelligence Studies, MPIA/MIS",,,,,Graduate,Fall 2026,,,,,,,,,,,True,True,,,,,,,,,,,,,,,,,,,,,,,,,,,,https://www.academics.pitt.edu/programs,,,,FALSE,False,,,,,,,,,,,,,,,,,,,,,False,False,,,,,,,,,,,,,,,,,,,,,,,,,,FALSE,,,FALSE,FALSE,,
,"Security and Intelligence Studies, MPIA/MPH",,,,,Graduate,Fall 2026,,,,,,,,,,,True,True,,,,,,,,,,,,,,,,,,,,,,,,,,,,https://www.academics.pitt.edu/programs,,,,FALSE,False,,,,,,,,,,,,,,,,,,,,,False,False,,,,,,,,,,,,,,,,,,,,,,,,,,FALSE,,,FALSE,FALSE,,
,"Security and Intelligence Studies, MPIA/MSW",,,,,Graduate,Fall 2026,,,,,,,,,,,True,True,,,,,,,,,,,,,,,,,,,,,,,,,,,,https://www.academics.pitt.edu/programs,,,,FALSE,False,,,,,,,,,,,,,,,,,,,,,False,False,,,,,,,,,,,,,,,,,,,,,,,,,,FALSE,,,FALSE,FALSE,,
,Social Policy Concentration,,,,,Graduate,Fall 2026,,,,,,,,,,,True,True,,,,,,,,,,,,,,,,,,,,,,,,,,,,https://www.academics.pitt.edu/programs,,,,FALSE,False,,,,,,,,,,,,,,,,,,,,,False,False,,,,,,,,,,,,,,,,,,,,,,,,,,FALSE,,,FALSE,FALSE,,
,STEAM Continuing Education Course,,,,,Graduate,Fall 2026,,,,,,,,,,,True,True,,,,,,,,,,,,,,,,,,,,,,,,,,,,https://www.academics.pitt.edu/programs,,,,FALSE,False,,,,,,,,,,,,,,,,,,,,,False,False,,,,,,,,,,,,,,,,,,,,,,,,,,FALSE,,,FALSE,FALSE,,
,Supervisor of Special Education Certificate,,,,,Graduate-Certificate,Fall 2026,,,,,,,,,,,True,True,,,,,,,,,,,,,,,,,,,,,,,,,,,,https://www.academics.pitt.edu/programs,,,,FALSE,False,,,,,,,,,,,,,,,,,,,,,False,False,,,,,,,,,,,,,,,,,,,,,,,,,,FALSE,,,FALSE,FALSE,,
,"Supply Chain Management and Business Analytics, MS (STEM-designated)",,,,,Graduate,Fall 2026,,,,,,,,,,,True,True,,,,,,,,,,,,,,,,,,,,,,,,,,,,https://www.academics.pitt.edu/programs,,,,FALSE,False,,,,,,,,,,,,,,,,,,,,,False,False,,,,,,,,,,,,,,,,,,,,,,,,,,FALSE,,,FALSE,FALSE,,
,"Master of Science in Supply Chain Management,",,,,,Graduate,Fall 2026,,,,,,,,,,,True,True,,,,,,,,,,,,,,,,,,,,,,,,,,,,https://www.academics.pitt.edu/programs,,,,FALSE,False,,,,,,,,,,,,,,,,,,,,,False,False,,,,,,,,,,,,,,,,,,,,,,,,,,FALSE,,,FALSE,FALSE,,
,Teacher of Students with Visual Impairments – Certificate and MEd,,,,,Graduate-Certificate,Fall 2026,,,,,,,,,,,True,True,,,,,,,,,,,,,,,,,,,,,,,,,,,,https://www.academics.pitt.edu/programs,,,,FALSE,False,,,,,,,,,,,,,,,,,,,,,False,False,,,,,,,,,,,,,,,,,,,,,,,,,,FALSE,,,FALSE,FALSE,,
,"Telecommunications, MST",,,,,Graduate,Fall 2026,,,,,,,,,,,True,True,,,,,,,,,,,,,,,,,,,,,,,,,,,,https://www.academics.pitt.edu/programs,,,,FALSE,False,,,,,,,,,,,,,,,,,,,,,False,False,,,,,,,,,,,,,,,,,,,,,,,,,,FALSE,,,FALSE,FALSE,,
,Urban Affairs & Planning Concentration,,,,,Graduate,Fall 2026,,,,,,,,,,,True,True,,,,,,,,,,,,,,,,,,,,,,,,,,,,https://www.academics.pitt.edu/programs,,,,FALSE,False,,,,,,,,,,,,,,,,,,,,,False,False,,,,,,,,,,,,,,,,,,,,,,,,,,FALSE,,,FALSE,FALSE,,
