Id,ProgramName,ProgramCode,Status,CreatedDate,UpdatedDate,Level,Term,TermCode,LiveDate,DeadlineDate,Resume,StatementOfPurpose,GreOrGmat,EnglishScore,Requirements,WritingSample,CollegeId,IsAnalyticalNotRequired,IsAnalyticalOptional,IsDuoLingoRequired,IsELSRequired,IsGMATOrGreRequired,IsGMATRequired,IsGreRequired,IsIELTSRequired,IsLSATRequired,IsMATRequired,IsMCATRequired,IsPTERequired,IsTOEFLIBRequired,IsTOEFLPBTRequired,IsEnglishNotRequired,IsEnglishOptional,AcademicYear,AlternateProgram,ApplicationType,Department,Fees,Fees.1,IsAvailable,ProgramType,AdmissionDepartmentId,CreatedBy,UpdatedBy,Concentration,Description,OtherConcentrations,ProgramWebsiteURL,Accredidation,AverageScholarshipAmount,CostPerCredit,IsRecommendationSystemOpted,IsStemProgram,MaxFails,MaxGPA,MinGPA,PreviousYearAcceptanceRates,QsWorldRanking,TotalAccepetedApplications,TotalCredits,TotalDeniedApplications,TotalI20sIssued,TotalScholarshipsAwarded,TotalSubmittedApplications,TotalVisasSecured,UsNewsRanking,CollegeApplicationFee,IsCollegePaying,MEContractNegotiatedFee,MyGradAppFee,ProgramCategory,IsCollegeApplicationFree,IsCouponAllowed,IsACTRequired,IsSATRequired,SftpDestinationId,MinimumACTScore,MinimumDuoLingoScore,MinimumELSScore,MinimumGMATScore,MinimumGreScore,MinimumIELTSScore,MinimumMATScore,MinimumMCATScore,MinimumPTEScore,MinimumSATScore,MinimumTOEFLScore,MLModelName,MinimumAnalyticalScore,MinimumEnglishScore,MinimumExperience,MinimumSopRating,WeightAnalytical,WeightEnglish,WeightExperience,WeightGPA,WeightSop,ScholarshipAmount,ScholarshipPercentage,ScholarshipType,IsNewlyLaunched,BatchId,IsImported,IsImportVerified,Is_Recommendation_Sponser,AnalyticalScore,MinimumLSATScore,IsGRERequired
,Master of Arts in Art Education,,,,,Graduate,Fall 2026,,,,,,,,,,,False,False,False,False,False,False,,False,False,False,False,False,False,False,False,False,,,,College of Education,,,,,,,,,,,https://www.westcliff.edu/academics/college-of-education/,,,,FALSE,False,,,,,,,,,,,,,,,,,,,,,False,False,,,,,,,,,,,,,,,,,,,,,,,,,,FALSE,,,FALSE,FALSE,,,
,Master of Arts in Art History,,,,,Graduate,Fall 2026,,,,,,,,,,,True,False,False,False,False,False,,False,False,False,False,False,False,False,False,False,,,,,,,,,,,,,,,https://gradcatalog.ufl.edu/graduate/degrees/,,,,FALSE,False,,,,,,,,,,,,,,,,,,,,,False,False,,,,,,,,,,,,,,,,,,,,,,,,,,FALSE,,,FALSE,FALSE,,,
,Master of Arts in Arts in Medicine,,,,,Graduate,Fall 2026,,,,,,,,,,,False,False,False,False,False,False,,False,False,False,False,False,False,False,False,False,,,,,,,,,,,,,,,https://gradcatalog.ufl.edu/graduate/degrees/,,,,FALSE,False,,,,,,,,,,,,,,,,,,,,,False,False,,,,,,,,,,,,,,,,,,,,,,,,,,FALSE,,,FALSE,FALSE,,,
,Master of Arts in Communication Sciences and Disorders,,,,,Graduate,Fall 2026,,,,,,,,,,,False,False,False,False,False,False,,False,False,False,False,False,False,False,False,False,,,,College of Education,,,,,,,,,"The Graduate Communications Pathway is a preparatory program designed for students who are interested in pursuing a Master of Arts in Communication Sciences and Disorders, but do not have the prerequisite coursework or undergraduate degree in the field. This comprehensive pathway equips students with the foundational knowledge and skills necessary for success in a graduate-level communication sciences and disorders program. The curriculum covers essential topics such as anatomy and physiology of speech and hearing, phonetics, language development, and introduction to audiology and speech-language pathology. Successful completion of the pathway prepares students to be eligible to apply for a Master’s degree program in Communication Sciences and Disorders. Additionally, this pathway program incorporates the REAL (Relationship,  Equipping,  Authenticity,  and Leadership) Certificate, which further enhances students’ professional and interpersonal skills, preparing them for impactful careers in the field.",,https://www.westcliff.edu/academics/college-of-education/graduate-communications-pathway-real-certificate/,,,,FALSE,False,,,,,,,,,,,,,,,,,,,,,False,False,,,,,,,,,,,,,,,,,,,,,,,,,,FALSE,,,FALSE,FALSE,,,
,"Master of Arts in Criminology, Law, and Society",,,,,Graduate,Fall 2026,,,,,,Not Required,REQUIRED,,,,False,False,True,False,False,False,,True,False,False,False,False,True,False,False,False,,,,College of Law,,,,,,,,,,,https://www.westcliff.edu/academics/college-of-law/,,,,FALSE,False,,,,,,,,,,,,,,,,,,,,,False,False,,,105.0,,,,6.0,,,,,79.0,,,,,,,,,,,,,,FALSE,,,FALSE,FALSE,,,
,Master of Arts in Digital Arts and Sciences,,,,,Graduate,Fall 2026,,,,,,,,,,,False,False,False,False,False,False,,False,False,False,False,False,False,False,False,False,,,,College of Technology & Engineering,,,,,,,,,,,https://www.westcliff.edu/,,,,FALSE,False,,,,,,,,,,,,,,,,,,,,,False,False,,,,,,,,,,,,,,,,,,,,,,,,,,FALSE,,,FALSE,FALSE,,,
,Master of Arts in Education,,,,,Graduate,Fall 2026,,,,Not Required,Not Required,,,"All applicants for graduate programs are required to submit an online application and transcripts from a bachelor's degree from a regionally or nationally accredited institution. A minimum cumulative GPA of 2.50 is required. [2, 3] Applicants whose native language is not English and who have not earned a degree from an institution where English is the principal language of instruction must also demonstrate college-level proficiency in English. [3]",,,True,False,False,False,False,False,,False,False,False,False,False,False,False,False,False,,,,,,,,,,,,,,,https://gradcatalog.ufl.edu/graduate/degrees/,,,,FALSE,False,,,,,,,,,,,,,,,,,,,,,False,False,,,,,,,,,,,,,,,,,,,,,,,,,,FALSE,,,FALSE,FALSE,,,
,Master of Arts in French and Francophone Studies,,,,,Graduate,Fall 2026,,,,,,Not Required,REQUIRED,,,,False,False,True,False,False,False,,True,False,False,False,False,True,False,False,False,,,,,,,,,,,,,,,https://gradcatalog.ufl.edu/graduate/degrees/,,,,FALSE,False,,,,,,,,,,,,,,,,,,,,,False,False,,,105.0,,,,6.0,,,,,79.0,,,,,,,,,,,,,,FALSE,,,FALSE,FALSE,,,
,Master of Arts in Geography,,,,,Graduate,Fall 2026,,,,,,,,,,,False,False,False,False,False,False,,False,False,False,False,False,False,False,False,False,,,,,,,,,,,,,,,https://www.educations.com/institutions/westcliff-university,,,$819 per credit hour for Master Programs. [7],FALSE,False,,4.0,2.5,,,,,,,,,,,,,,,,,,False,False,,,,,,,,,,,,,,,,,,,,,,,"Examples include the STEM Scholarship ($10,000) and the Founder's Scholarship for Engineering Management (up to $5,000). [5]",,"Examples include STEM, Founder's Scholarships, Civil Servant, Military, and athletic scholarships. [5, 14]",FALSE,,,FALSE,FALSE,,,
,Master of Science in Agricultural and Biological Engineering,,,,,Graduate,Fall 2026,,,,,,,,,,,True,False,False,False,False,False,,,False,False,False,,,,False,False,,,,,,,,,,,,,,,https://www.westcliff.edu/academics/college-of-technology-engineering/,,,,FALSE,False,,,,,,,,,,,,,,,,,,,,,False,False,,,,,,,,,,,,,,,,,,,,,,,,,,FALSE,,,FALSE,FALSE,,,
,Master of Science in Anatomical Sciences Education,,,,,Graduate,Fall 2026,,,,,,,,,,,False,False,False,False,False,False,,False,False,False,False,False,False,False,False,False,,,,,"$15,565/Year","$15,565/Year",,,,,,,,,https://www.umflint.edu/chs/,,10772.0,$819/Credit,FALSE,False,,4.0,3.0,,,,,,,,,,,,,,,,,,False,False,,,,,,,,,,,,,,,,,,,,,,,"Up to $10,000",,Merit-based,FALSE,,,FALSE,FALSE,,,
,Master of Science in Animal Molecular and Cellular Biology,,,,,Graduate,Fall 2026,,,,,,,,,,,False,False,False,False,False,False,,False,False,False,False,False,False,False,False,False,,,,,,,,,,,,,,,https://www.ucmo.edu/academics/programs/masters-degrees/chst/biological-and-clinical-sci/biology-ms/,,,,FALSE,False,,,,,,,,,,,,,,,,,,,,,False,False,,,,,,,,,,,,,,,,,,,,,,,,,,FALSE,,,FALSE,FALSE,,,
,Master of Science in Animal Sciences,,,,,Graduate,Fall 2026,,,,,,,,,,,False,False,False,False,False,False,,False,False,False,False,False,False,False,False,False,,,,,,,,,,,,,,,https://www.youtube.com/watch?v=qro3bhHwfOo,,,,FALSE,False,,,,,,,,,,,,,,,,,,,,,False,False,,,,,,,,,,,,,,,,,,,,,,,,,,FALSE,,,FALSE,FALSE,,,
,Master of Science in Applied Physiology and Kinesiology,,,,,Graduate,Fall 2026,,,,,,,,,,,False,False,False,False,False,False,,False,False,False,False,False,False,False,False,False,,,,,,,,,,,,,,,https://www.westcliff.edu/academics/,,,,FALSE,False,,,,,,,,,,,,,,,,,,,,,False,False,,,,,,,,,,,,,,,,,,,,,,,,,,FALSE,,,FALSE,FALSE,,,
,Master of Science in Astronomy,,,,,Graduate,Fall 2026,,,,,,,,,,,True,False,False,False,False,False,,False,False,False,False,False,False,False,False,False,,,,,,,,,,,,,,,https://gradcatalog.ufl.edu/graduate/degrees/,,,,FALSE,False,,,,,,,,,,,,,,,,,,,,,False,False,,,,,,,,,,,,,,,,,,,,,,,,,,FALSE,,,FALSE,FALSE,,,
,Master of Science in Biochemistry and Molecular Biology,,,,,Graduate,Fall 2026,,,,,,,,,,,False,False,False,False,False,False,,False,False,False,False,False,False,False,False,False,,,,,,,,,,,,,,,https://www.educations.com/institutions/westcliff-university,,,,FALSE,False,,,,,,,,,,,,,,,,,,,,,False,False,,,,,,,,,,,,,,,,,,,,,,,,,,FALSE,,,FALSE,FALSE,,,
,Master of Science in Biostatistics,,,,,Graduate,Fall 2026,,,,,,,,,,,False,False,False,False,False,False,,False,False,False,False,False,False,False,False,False,,,,,,,,,,,,,,,https://www.educations.com/institutions/westcliff-university,,,,FALSE,False,,,,,,,,,,,,,,,,,,,,,False,False,,,,,,,,,,,,,,,,,,,,,,,,,,FALSE,,,FALSE,FALSE,,,
,Master of Science in Business Analytics,,,,,Graduate,Fall 2026,,,,,,Not Required,REQUIRED,"For acceptance into a master’s degree program, an applicant must have earned a bachelor’s degree from a regionally or nationally accredited institution. The applicant must have maintained a minimum cumulative grade point average (CGPA) of 2.50 on a 4.0 scale. [4]",,,False,False,True,False,False,False,,True,False,False,False,True,True,False,False,False,,,,College of Business,,,,,,,,,,,https://www.westcliff.edu/academics/college-of-business/,,,,FALSE,False,,,,,,,,,,,,,,,,,,,,,False,False,,,105.0,,,,6.0,,,58.0,,79.0,,,,,,,,,,,,,,FALSE,,,FALSE,FALSE,,,
,Master of Science in Computer Science,,,,,Graduate,Fall 2026,,,,Not Required,Not Required,,,"For graduate programs, applicants are required to submit an online application and transcripts from a previously attended regionally or nationally accredited institution showing proof of a bachelor's degree with a minimum cumulative GPA of 2.50. [6, 9, 10]",Not Required,,True,False,False,False,False,False,,False,False,False,False,False,False,False,False,False,,,,,,,,,,,,"['Artificial Intelligence', 'Data Analytics (DATA)', 'Health Informatics (HIT)', 'Software Development (DEV)', 'Web Development']","The Masters of Science in Computer Science (MSCS) is designed to advance the professional careers of technologists in the field of computing. It presents a modern curriculum that challenges students to apply principles of design, critical and algorithmic thinking, innovation, management, and problem-solving to the field of computer science. [2] It prepares students to move into advanced careers in computer science and software by providing the necessary advanced skills and knowledge in computer systems, software, and telecommunications to effectively implement computerization processes across several industries including healthcare, manufacturing, research and development, education, finance, and other fields which require advanced computerization to remain competitive in the global economy. [2, 10]",,https://gradcatalog.ufl.edu/graduate/degrees/,"Westcliff University is institutionally accredited by the WASC Senior College and University Commission (WSCUC), a recognized accrediting agency of the U.S. Department of Education. As an accredited institution, all degrees and certificates awarded by Westcliff University are offered under this institutional accreditation. [4]",,,FALSE,False,,,,,,,,,,,,,,,,,,,,,False,False,,,,,,,,,,,,,,,,,,,,,,,,,,FALSE,,,FALSE,FALSE,,,
,Master of Science in Dental Sciences,,,,,Graduate,Fall 2026,,,,,,,,,,,False,False,False,False,False,False,,False,False,False,False,False,False,False,False,False,,,,,,,,,,,,,,,https://www.educations.com/institutions/westcliff-university,,,,FALSE,False,,,,,,,,,,,,,,,,,,,,,False,False,,,,,,,,,,,,,,,,,,,,,,,,,,FALSE,,,FALSE,FALSE,,,
,Master of Science in Entrepreneurship,,,,,Graduate,Fall 2026,,,,,,Not Required,REQUIRED,,,,False,False,True,False,False,False,,True,False,False,False,False,True,,False,False,,,,,,,,,,,,,,,https://www.westcliff.edu/academics/,,,,FALSE,False,,,,,,,,,,,,,,,,,,,,,False,False,,,105.0,,,,6.0,,,,,79.0,,,,,,,,,,,,,,FALSE,,,FALSE,FALSE,,,
,Master of Science in Environmental and Global Health,,,,,Graduate,Fall 2026,,,,,,,,,,,True,False,False,False,False,False,,False,False,False,False,False,False,False,False,False,,,,,,,,,,,,,,,https://www.niche.com/graduate-schools/westcliff-university/programs/?degreeType=masters,,,,FALSE,False,,,,,,,,,,,,,,,,,,,,,False,False,,,,,,,,,,,,,,,,,,,,,,,,,,FALSE,,,FALSE,FALSE,,,
,Master of Science in Epidemiology,,,,,Graduate,Fall 2026,,,,,,Not Required,REQUIRED,,,,False,False,True,False,False,False,,True,False,False,False,True,True,False,False,False,,,,,,,,,,,,,,,https://www.westcliff.edu/nursing/elm/,,,,FALSE,False,,,,,,,,,,,,,,,,,,,,,False,False,,,105.0,,,,6.0,,,58.0,,79.0,,,,,,,,,,,,,,FALSE,,,FALSE,FALSE,,,
,"Master of Science in Family, Youth, and Community Sciences",,,,,Graduate,Fall 2026,,,,,,,,,,,False,False,False,False,False,False,,False,False,False,False,False,False,False,False,False,,,,,,,,,,,,,,,https://www.westcliff.edu/,,,,FALSE,False,,,,,,,,,,,,,,,,,,,,,False,False,,,,,,,,,,,,,,,,,,,,,,,,,,FALSE,,,FALSE,FALSE,,,
,Master of Science in Food and Resource Economics,,,,,Graduate,Fall 2026,,,,,,,,,,,False,False,False,False,False,False,,False,False,False,False,False,False,False,False,False,,,,,,,,,,,,,,,https://www.youtube.com/watch?v=lBl8VF3gUyo,,,,FALSE,False,,,,,,,,,,,,,,,,,,,,,False,False,,,,,,,,,,,,,,,,,,,,,,,,,,FALSE,,,FALSE,FALSE,,,
,Master of Science in Food Science and Human Nutrition,,,,,Graduate,Fall 2026,,,,,,,REQUIRED,,,,False,False,True,False,False,False,,True,False,False,False,True,True,False,False,False,,,,,,,,,,,,,,,https://www.educations.com/institutions/westcliff-university,,,,FALSE,False,,,,,,,,,,,,,,,,,,,,,False,False,,,105.0,,,,6.0,,,58.0,,79.0,,,,,,,,,,,,,,FALSE,,,FALSE,FALSE,,,
,Master of Science in Management,,,,,Graduate,Fall 2026,,,,,,Not Required,REQUIRED,The general application process at Westcliff University involves five steps: 1. Contacting the Admissions Department to get information and ask questions. 2. Submitting the application for admission and uploading all required documentation to the application portal. 3. Following up with an Admissions Advisor regarding any missing documents. 4. Applying for financial aid if needed. 5. Receiving notification of acceptance or denial. [3],,,False,False,True,False,False,False,,True,,,,True,True,,False,True,,,,,,,,,,,,,,,https://gradcatalog.ufl.edu/graduate/degrees/,,,,FALSE,False,,,,,,,,,,,,,,,,,,,,,False,False,,,105.0,,,,6.0,,,58.0,,79.0,,,,,,,,,,,,,,FALSE,,,FALSE,FALSE,,,
,Master of Science in Marketing,,,,,Graduate,Fall 2026,,,,,,Not Required,REQUIRED,,,,True,False,True,False,False,False,,True,False,False,False,False,True,False,False,False,,,,,,,,,,,,,,,https://gradcatalog.ufl.edu/graduate/degrees/,,,,FALSE,False,,,,,,,,,,,,,,,,,,,,,False,False,,,105.0,,,,6.0,,,,,79.0,,,,,,,,,,,,,,FALSE,,,FALSE,FALSE,,,
,Master of Science in Real Estate,,,,,Graduate,Fall 2026,,,,,,,,,,,True,False,False,False,False,False,,False,False,False,False,False,False,False,False,False,,,,,,,,,,,,,,,https://www.wsulaw.edu/academics/certificate-programs/,,,,FALSE,False,,,,,,,,,,,,,,,,,,,,,False,False,,,,,,,,,,,,,,,,,,,,,,,,,,FALSE,,,FALSE,FALSE,,,
,Master of Science in Sport Management,,,,,Graduate,Fall 2026,,,,,,,,,,,False,False,False,False,False,False,,False,False,False,False,False,False,False,False,False,,,,,,,,,,,,,,,https://gradcatalog.ufl.edu/graduate/degrees/,,,,FALSE,False,,,,,,,,,,,,,,,,,,,,,False,False,,,,,,,,,,,,,,,,,,,,,,,,,,FALSE,,,FALSE,FALSE,,,
,Master of Business Administration,,,,,Graduate,Fall 2026,,,,Not Required,Not Required,Not Required,REQUIRED,"For acceptance into the Master of Business Administration degree, applicants must have a bachelor's-level degree from a regionally or nationally accredited institution. [4] A minimum of a 2.50 cumulative GPA is required for graduate programs. [5] Applicants must submit an online application and transcripts from all previously attended institutions. [5] All applicants whose native language is not English and who have not earned a degree from an institution where English is the principal language of instruction must demonstrate college-level proficiency in English. [3]",Not Required,,True,False,True,False,False,False,,True,False,False,False,True,True,False,False,False,,,,College of Business,,"$25,200 (calculated based on 36 credit hours at $700 per credit)",,,,,,"['General Management', 'Marketing', 'Financial Management', 'International Business', 'Organizational Management', 'Entrepreneurship', 'Health Care Management/Administration', 'E-Business Management', 'Digital and Strategic Marketing', 'Information Technology Management', 'Data-Driven Decision Making (STEM)', 'Applied AI in Business (STEM)', 'Business Analytics (STEM)', 'Information Technology Project Management (STEM)', 'Web Development & Design (STEM)', 'Cybersecurity (STEM)', 'Coding Bootcamp (STEM)', 'Supply Chain Management', 'Health Informatics and Analysis (STEM)', 'Business Statistics and Data Analytics (STEM)', 'Digital Communications and Multimedia (STEM)']","The Master of Business Administration (MBA) degree program at Westcliff University prepares individuals for careers in management. [5] Its primary goal is to offer a chance for students to cultivate the knowledge, skills, attitudes, and understanding that form a robust basis for their development into proficient business management professionals. [5] Graduates are equipped to pursue employment in key sectors such as computer-related services, investment banking/securities, and consulting in fields like marketing, research, analysis, and/or finance. [5] The program aims to develop individuals who can thrive in upper-middle and top management roles, with a focus on strategic management concepts and principles. [3] The curriculum utilizes recent research, employs complex computer models, highlights the significance of human relations skills, and incorporates strategic management processes with a global perspective. [3]",,https://gradcatalog.ufl.edu/graduate/degrees/,Westcliff University is accredited by the WASC Senior College and University Commission (WSCUC) and the Accreditation Council for Business Schools and Programs (ACBSP). [7],,$700 per credit hour for graduate programs,FALSE,True,,,3.0,,,,,,,,,,,,,,,,,,False,False,,,105.0,,,,6.0,,,58.0,,79.0,,,,,,,,,,,,,"Merit-based scholarships, Distinguished scholarships, Presidential scholarships, and Dean's scholarships",FALSE,,,FALSE,FALSE,,,
,Master of Education in Educational Leadership and Policy (Online),,,,,Graduate,Fall 2026,,,,,,,,,,,False,False,False,False,False,False,,False,False,False,False,False,False,False,False,False,,,,College of Education,,,,,,,,,,,https://www.westcliff.edu/academics/college-of-education/,,,,FALSE,False,,,,,,,,,,,,,,,,,,,,,False,False,,,,,,,,,,,,,,,,,,,,,,,,,,FALSE,,,FALSE,FALSE,,,
,Master of Fine Arts in Design and Visual Communications,,,,,Graduate,Fall 2026,,,,,,,,,,,False,False,False,False,False,False,,False,False,False,False,False,False,False,False,False,,,,,,,,,,,,,,,https://www.westcliff.edu/academics/,,,,FALSE,False,,,,,,,,,,,,,,,,,,,,,False,False,,,,,,,,,,,,,,,,,,,,,,,,,,FALSE,,,FALSE,FALSE,,,
,Master of Public Health,,,,,Graduate,Fall 2026,,,,,,,,,,,False,False,False,False,False,False,,False,False,False,False,False,False,False,False,False,,,,,,,,,,,,,,,https://www.westcliff.edu/nursing/elm/,,,,FALSE,False,,,,,,,,,,,,,,,,,,,,,False,False,,,,,,,,,,,,,,,,,,,,,,,,,,FALSE,,,FALSE,FALSE,,,
,Doctor of Philosophy in Agricultural and Biological Engineering,,,,,Doctoral,Fall 2026,,,,,,,,,,,False,False,False,False,False,False,,False,False,False,False,False,False,False,False,False,,,,,,,,,,,,,,,https://www.westcliff.edu/academics/,,,,FALSE,False,,,,,,,,,,,,,,,,,,,,,False,False,,,,,,,,,,,,,,,,,,,,,,,,,,FALSE,,,FALSE,FALSE,,,
,Doctor of Philosophy in Agronomy,,,,,Doctoral,Fall 2026,,,,,,,,,,,False,False,False,False,False,False,,False,False,False,False,False,False,False,False,False,,,,,"$15,600 - $17,620/Year","$15,600 - $17,620/Year",,,,,,,,,https://www.youtube.com/watch?v=K_1hS4-5VNI,,,$780,FALSE,False,,4.0,2.5,,,,,,,,,,,,,,,,,,False,False,,,,,,,,,,,,,,,,,,,,,,,"Up to $10,000",Up to 75%,"Merit-based, Field-specific",FALSE,,,FALSE,FALSE,,,
,Doctor of Philosophy in Animal Sciences,,,,,Doctoral,Fall 2026,,,,,,,,,,,True,False,False,False,False,False,,,False,False,False,,,,False,,,,,,,,,,,,,,,,https://www.westcliff.edu/academics/college-of-business/doctor-of-business-administration-dba/,,,,FALSE,False,,,,,,,,,,,,,,,,,,,,,False,False,,,,,,,,,,,,,,,,,,,,,,,,,,FALSE,,,FALSE,FALSE,,,
,Doctor of Philosophy in Anthropology,,,,,Doctoral,Fall 2026,,,,,,,,,,,False,False,False,False,False,False,,False,False,False,False,False,False,False,False,False,,,,,,,,,,,,,,,https://www.westcliff.edu/academics/,,,,FALSE,False,,,,,,,,,,,,,,,,,,,,,False,False,,,,,,,,,,,,,,,,,,,,,,,,,,FALSE,,,FALSE,FALSE,,,
,Doctor of Philosophy in Biochemistry and Molecular Biology,,,,,Doctoral,Fall 2026,,,,,,,,,,,False,False,False,False,False,False,,False,False,False,False,False,False,False,False,False,,,,,,,,,,,,,"The provided URL (https://catalog.ku.edu/medicine/biochemistry-molecular-biology/phd/) belongs to the University of Kansas, not Westcliff University. As per the instructions to only use information from the official Westcliff University website, no information for the 'Doctor of Philosophy in Biochemistry and Molecular Biology' program could be found on the Westcliff University website.",,https://catalog.ku.edu/medicine/biochemistry-molecular-biology/phd/,,,,FALSE,False,,,,,,,,,,,,,,,,,,,,,False,False,,,,,,,,,,,,,,,,,,,,,,,,,,FALSE,,,FALSE,FALSE,,,
,Doctor of Philosophy in Biomedical Engineering,,,,,Doctoral,Fall 2026,,,,,,,,,,,False,False,False,False,False,False,,False,False,False,False,False,False,False,False,False,,,,,,,,,,,,,,,https://gradcatalog.ufl.edu/graduate/degrees/,,,,FALSE,False,,,,,,,,,,,,,,,,,,,,,False,False,,,,,,,,,,,,,,,,,,,,,,,,,,FALSE,,,FALSE,FALSE,,,
,Doctor of Philosophy in Chemical Engineering,,,,,Doctoral,Fall 2026,,,,,,,,,,,False,False,False,False,False,False,,False,False,False,False,False,False,False,False,False,,,,,,,,,,,,,,,https://www.westcliff.edu/academics/,,,,FALSE,False,,,,,,,,,,,,,,,,,,,,,False,False,,,,,,,,,,,,,,,,,,,,,,,,,,FALSE,,,FALSE,FALSE,,,
,Doctor of Philosophy in Chemistry,,,,,Doctoral,Fall 2026,,,,,,,,,,,False,False,False,False,False,False,,False,False,False,False,False,False,False,False,False,,,,College of Business,,,,,,,,,,,https://www.westcliff.edu/academics/college-of-business/doctor-of-business-administration-dba/,,,819,FALSE,False,,,2.5,,,,,,,,,,,,,,,,,,False,False,,,,,,,,,,,,,,,,,,,,,,,"Up to $10,000",,"Merit-based, Field-specific",FALSE,,,FALSE,FALSE,,,
,Doctor of Philosophy in Civil Engineering,,,,,Doctoral,Fall 2026,,,,,,,,,,,True,False,False,False,False,False,,False,False,False,False,False,False,False,False,False,,,,,,,,,,,,,,,https://gradcatalog.ufl.edu/graduate/degrees/,,,,FALSE,False,,,,,,,,,,,,,,,,,,,,,False,False,,,,,,,,,,,,,,,,,,,,,,,,,,FALSE,,,FALSE,FALSE,,,
,Doctor of Philosophy in Computer Engineering,,,,,Doctoral,Fall 2026,,,,,,Not Required,REQUIRED,,,,False,False,True,False,False,False,,True,False,False,False,False,True,False,False,False,,,,,,,,,,,,,,,https://gradcatalog.ufl.edu/graduate/degrees/,,,,FALSE,False,,,,,,,,,,,,,,,,,,,,,False,False,,,105.0,,,,6.0,,,,,79.0,,,,,,,,,,,,,,FALSE,,,FALSE,FALSE,,,
,Doctor of Philosophy in Computer Science,,,,,Doctoral,Fall 2026,,,,,,,,"General requirements include a completed application via the portal, submission of diploma and transcripts, and proof of English proficiency. [24]",,,True,False,False,False,False,False,,False,False,False,False,False,False,False,False,False,,,,,,,,,,,,Cybersecurity,"The Doctor of Computer Science (DCS) is designed for candidates with existing knowledge, academically or experientially, in computer science or a closely related field of information technology. [2] Research-oriented students are provided with knowledge in the major areas of computer science and information technology, the ability to develop creative solutions to complex real-world problems, and practical experience in application of theory and research. [2] Its unique format allows students to complete their studies in a synchronous hybrid or online format. [2] The program emphasizes the development of advanced computer science knowledge and the practical application of research in artificial intelligence, operating systems, data structures and computation, cloud engineering, and cybersecurity. [2] Coursework and research culminate with the completion of a Dissertation or Applied Doctoral Research Project in a relevant area of computer science, information technology or other emerging technologies. [2]",,https://gradcatalog.ufl.edu/graduate/degrees/,Westcliff University is accredited by the WASC Senior College and University Commission (WSCUC) and the Accreditation Council for Business Schools and Programs (ACBSP). [3],,,FALSE,False,,,,,,,,,,,,,,,,,,,,,False,False,,,,,,,,,,,,,,,,,,,,,,,,,,FALSE,,,FALSE,FALSE,,,
,Doctor of Philosophy in Counselor Education,,,,,Doctoral,Fall 2026,,,,Required,Required,,,"Required Admission Documents include: a complete online application, a non-refundable application fee, supplemental admission documents (which include a Letter of Intent and two Reference Request Forms), and official transcripts from all previously attended institutions. [2] Applicants must have a regionally or nationally accredited Master's degree in counseling or a closely related field with a GPA of 3.0 or higher. [2] The admission committee considers academic aptitude, professional experience, professional dispositions, communication skills, commitment to diversity, equity, inclusion, and social justice, potential for scholarship, and potential for professional leadership and advocacy. [2]",,,True,False,False,False,False,False,,False,False,False,False,False,False,False,False,False,,,,,,,,,,,,,,,https://gradcatalog.ufl.edu/graduate/degrees/,,,,FALSE,False,,,,,,,,,,,,,,,,,,,,,False,False,,,,,,,,,,,,,,,,,,,,,,,,,,FALSE,,,FALSE,FALSE,,,
,Doctor of Philosophy in Curriculum and Instruction,,,,,Doctoral,Fall 2026,,,,,,,,,,,False,False,False,False,False,False,,False,False,False,False,False,False,False,False,False,,,,,,,,,,,,,,,https://gradcatalog.ufl.edu/graduate/degrees/,,,,FALSE,False,,,,,,,,,,,,,,,,,,,,,False,False,,,,,,,,,,,,,,,,,,,,,,,,,,FALSE,,,FALSE,FALSE,,,
,Doctor of Philosophy in Economics,,,,,Doctoral,Fall 2026,,,,,,,,,,,False,False,False,False,False,False,,False,False,False,False,False,False,False,False,False,,,,,,,,,,,,,,,https://gradcatalog.ufl.edu/graduate/degrees/,,,$780 for online students and up to $940 for hybrid format students.,FALSE,False,,4.0,2.5,,,,,,,,,,,,,,,,,,False,False,,,,,,,,,,,,,,,,,,,,,,,"Up to $10,000",,"Merit-based, Memorial, STEM",FALSE,,,FALSE,FALSE,,,
,Doctor of Philosophy in Educational Leadership and Policy,,,,,Doctoral,Fall 2026,,,,Not Required,Not Required,Not Required,REQUIRED,"For acceptance into the Doctor of Education (EdD) in Leadership Curriculum and Instruction program, applicants must have a master's degree. [4] A minimum cumulative GPA of 2.50 is required for the postgraduate program. [3] All applicants are required to submit transcripts from a regionally or nationally accredited institution they have previously attended. [3] Applicants must submit an online application and upload all required documentation to the application portal. [3]",Not Required,,True,False,True,False,False,False,,True,False,False,False,False,True,False,False,False,,,,,,,,,,,,,,,https://gradcatalog.ufl.edu/graduate/degrees/,,,,FALSE,False,,,,,,,,,,,,,,,,,,,,,False,False,,,105.0,,,,6.0,,,,,79.0,,,,,,,,,,,,,,FALSE,,,FALSE,FALSE,,,
,Doctor of Philosophy in Electrical and Computer Engineering,,,,,Doctoral,Fall 2026,,,,,,Not Required,REQUIRED,"For acceptance into the Doctor of Computer Science (DCS) degree program, applicants must satisfy the following criteria: An applicant with a Master-level degree and a 2.5 GPA from a regionally or nationally accredited institution can apply to Westcliff University. [2] Strong consideration will be given to candidates with a master's degree (or equivalent) from an accredited university or comparable recognized institution outside of the United States in the field of computer science, information technology, engineering, or closely related discipline. [2]",,,True,False,True,False,False,False,,True,False,False,False,False,True,False,False,False,,,,College of Technology & Engineering,,,,,,,,,,,https://www.westcliff.edu/academics/college-of-technology-engineering/doctor-of-computer-science-dcs/,,,,FALSE,True,,,3.0,,,,,,,,,,,,,,,,,,False,False,,,105.0,,,,6.0,,,,,79.0,,,,,,,,,,,"Up to $10,000 for the STEM Scholarship and up to $5,000 for the Founder's Scholarship for Computer Science (Graduate). [23]",,Merit-based,FALSE,,,FALSE,FALSE,,,
,Doctor of Philosophy in English,,,,,Doctoral,Fall 2026,,,,,,,,,,,False,False,,,,,,,,,,,,,,,,,,,,,,,,,,,,,https://www.westcliff.edu/academics/,,,,FALSE,False,,,,,,,,,,,,,,,,,,,,,False,False,,,,,,,,,,,,,,,,,,,,,,,,,,FALSE,,,FALSE,FALSE,,,
,Doctor of Philosophy in Entomology and Nematology,,,,,Doctoral,Fall 2026,,,,,,,,,,,False,False,False,False,False,False,,False,False,False,False,False,False,False,False,False,,,,,,,,,,,,,,,https://catalog.utk.edu/preview_program.php?catoid=21&poid=9166&returnto=2512,,,,FALSE,False,,,,,,,,,,,,,,,,,,,,,False,False,,,,,,,,,,,,,,,,,,,,,,,,,,FALSE,,,FALSE,FALSE,,,
,Doctor of Philosophy in Environmental Engineering Sciences,,,,,Doctoral,Fall 2026,,,,,,,,,,,False,False,False,False,False,False,,False,False,False,False,False,False,False,False,False,,,,,,,,,,,,,,,https://www.westcliff.edu/academics/,,,,FALSE,False,,,,,,,,,,,,,,,,,,,,,False,False,,,,,,,,,,,,,,,,,,,,,,,,,,FALSE,,,FALSE,FALSE,,,
,Doctor of Philosophy in Food and Resource Economics,,,,,Doctoral,Fall 2026,,,,,,,,"The program 'Doctor of Philosophy in Food and Resource Economics' was not found on the official Westcliff University website (westcliff.edu). The search results indicate this program is offered by the University of Florida, not Westcliff University. [4, 8, 9, 14, 15] Therefore, no specific application requirements for this program at Westcliff University could be located.",,,False,False,False,False,False,False,,False,False,False,False,False,False,False,False,False,,,,,,,,,,,,,,,https://www.phdportal.com/universities/19570/westcliff-university.html,,,,FALSE,False,,,,,,,,,,,,,,,,,,,,,False,False,,,,,,,,,,,,,,,,,,,,,,,,,,FALSE,,,FALSE,FALSE,,,
,Doctor of Philosophy in Food Science and Human Nutrition,,,,,Doctoral,Fall 2026,,,,,,,NOT REQUIRED,,,,False,False,False,False,False,False,,False,False,False,False,False,False,False,True,False,,,,,,,,,,,,,,,https://www.westcliff.edu/,,,,FALSE,False,,,,,,,,,,,,,,,,,,,,,False,False,,,,,,,,,,,,,,,,,,,,,,,,,,FALSE,,,FALSE,FALSE,,,
,"Doctor of Philosophy in Forest, Fisheries, and Geomatics Sciences",,,,,Doctoral,Fall 2026,,,,,,,,,,,False,False,False,False,False,False,,False,False,False,False,False,False,False,False,False,,,,,,,,,,,,,,,https://www.westcliff.edu/academics/,,,,FALSE,False,,,,,,,,,,,,,,,,,,,,,False,False,,,,,,,,,,,,,,,,,,,,,,,,,,FALSE,,,FALSE,FALSE,,,
,Doctor of Philosophy in Genetics and Genomics,,,,,Doctoral,Fall 2026,,,,,,,,,,,False,False,False,False,False,False,,False,False,False,False,False,False,False,False,False,,,,,,,,,,,,,,,https://gradcatalog.ufl.edu/graduate/degrees/,,,,FALSE,False,,,,,,,,,,,,,,,,,,,,,False,False,,,,,,,,,,,,,,,,,,,,,,,,,,FALSE,,,FALSE,FALSE,,,
,Doctor of Philosophy in Geography,,,,,Doctoral,Fall 2026,,,,,,Not Required,REQUIRED,,,,False,False,True,True,False,False,,True,False,False,False,True,True,True,False,False,,,,College of Business,,,,,,,,,,,https://www.westcliff.edu/academics/college-of-business/doctor-of-business-administration-dba/,,,,FALSE,False,,,2.5,,,,,,,,,,,,,,,,,,False,False,,,105.0,112,,,6.5,,,65.0,,80.0,,,,,,,,,,,,,,FALSE,,,FALSE,FALSE,,,
,Doctor of Philosophy in Health Services Research,,,,,Doctoral,Fall 2026,,,,,,,,,,,False,False,False,False,False,False,,False,False,False,False,False,False,False,False,False,,,,College of Business,,,,,,,,,,,https://www.westcliff.edu/academics/college-of-business/doctor-of-business-administration-dba/,,,,FALSE,False,,,,,,,,,,,,,,,,,,,,,False,False,,,,,,,,,,,,,,,,,,,,,,,,,,FALSE,,,FALSE,FALSE,,,
,Doctor of Philosophy in Higher Education Administration,,,,,Doctoral,Fall 2026,,,,Required,Not Required,Not Required,REQUIRED,"Westcliff University does not offer a program titled 'Doctor of Philosophy in Higher Education Administration'. The closest related program is the Doctor of Education (EdD) in Leadership of Curriculum and Instruction. Successful applicants to the EdD program must have a completed master's degree. [14] For its Doctor of Business Administration (DBA) program, the university requires official transcripts, a diploma/certificate of graduation, and a resume. [5]",Not Required,,True,False,True,False,False,False,,True,False,False,False,False,True,False,False,False,,,,College of Education,,,,,,,,,"The Doctorate of Education (EdD) in Leadership, Curriculum, and Instruction an der Westcliff University befähigt Wissenschaftler und Praktiker, das Bildungswesen zu leiten und zu beeinflussen, Lehrpläne zu entwerfen und zu bewerten sowie Lehrmethoden zu verbessern und zu maximieren. [9] Der Abschluss integriert Bildungsprinzipien und Führungstheorien, um Forschung, Andragogik und Pädagogik sowie evidenzbasierte Bewertungen zu untermauern. [9] Er kombiniert Primärforschung mit praktischer Erfahrung, um effektive Veränderungsagenten hervorzubringen, die Vielfalt sowie gerechte Praktiken und Richtlinien schätzen. [9] Die Studierenden engagieren sich in projektbasiertem Lernen mit eingebetteten Praktikumserfahrungen, um reale Probleme zu lösen, die das persönliche und berufliche Wachstum fördern. [9] Sie erhalten Aufsicht, Feedback und Anleitung, während sie an authentischen Arbeitsbedingungen teilnehmen. [9] Die Absolventen sind mit den umsetzbaren Fähigkeiten ausgestattet, die erforderlich sind, um Organisationen positiv zu beeinflussen und ihre Karrieren in den Bereichen Führung, Lehrplan und Unterricht voranzutreiben. [9]",,https://gradcatalog.ufl.edu/graduate/degrees/,"Die Westcliff University ist institutionell von der WASC Senior College and University Commission (WSCUC) akkreditiert, einer vom US-Bildungsministerium anerkannten Akkreditierungsagentur. [2] Alle von der Westcliff University verliehenen Abschlüsse und Zertifikate werden im Rahmen dieser institutionellen Akkreditierung angeboten. [2, 4]",,,FALSE,False,,,,,,,,,,,,,,,,,,,,,False,False,,,105.0,,,,6.0,,,,,79.0,,,,,,,,,,,,,,FALSE,,,FALSE,FALSE,,,
,Doctor of Philosophy in History,,,,,Doctoral,Fall 2026,,,,,,Not Required,REQUIRED,,,,True,False,True,False,False,False,,True,False,False,False,False,True,False,False,False,,,,,,,,,,,,,,,https://www.niche.com/graduate-schools/westcliff-university/programs/?degreeType=doctoral,,,,FALSE,False,,,,,,,,,,,,,,,,,,,,,False,False,,,105.0,,,,6.0,,,,,79.0,,,,,,,,,,,,,,FALSE,,,FALSE,FALSE,,,
,Doctor of Philosophy in Horticultural Sciences,,,,,Doctoral,Fall 2026,,,,,,Not Required,REQUIRED,"The 'Doctor of Philosophy in Horticultural Sciences' program is not offered by Westcliff University. The doctoral programs available are in fields such as Business Administration (DBA), Education (EdD), and a new Doctor of Computer Science as of fall 2024. [1, 4, 11, 12]",,,True,False,True,False,False,False,,True,False,False,False,True,True,False,False,False,,,,,,,,,,,,,,,https://gradcatalog.ufl.edu/graduate/degrees/,,,,FALSE,False,,,,,,,,,,,,,,,,,,,,,False,False,,,105.0,,,,6.0,,,58.0,,79.0,,,,,,,,,,,,,,FALSE,,,FALSE,FALSE,,,
,Doctor of Philosophy in Human-Centered Computing,,,,,Doctoral,Fall 2026,,,,,,Not Required,REQUIRED,,,,False,False,True,False,False,False,,True,False,False,False,False,True,False,False,False,,,,,,,,,,,,,,,https://catalog.gatech.edu/programs/human-centered-computing-phd/human-centered-computing-phd.pdf,,,,FALSE,False,,,,,,,,,,,,,,,,,,,,,False,False,,,105.0,,,,6.0,,,,,79.0,,,,,,,,,,,,,,FALSE,,,FALSE,FALSE,,,
,Doctor of Philosophy in Industrial and Systems Engineering,,,,,Doctoral,Fall 2026,,,,,,,,,,,False,False,False,False,False,False,,False,False,False,False,False,False,False,False,False,,,,,,,,,,,,,,,https://catalog.niu.edu/preview_program.php?catoid=58&poid=15553&returnto=2992,,,,FALSE,False,,,,,,,,,,,,,,,,,,,,,False,False,,,,,,,,,,,,,,,,,,,,,,,,,,FALSE,,,FALSE,FALSE,,,
,Doctor of Philosophy in Interdisciplinary Ecology,,,,,Doctoral,Fall 2026,,,,,,,,,,,False,False,False,False,False,False,,False,False,False,False,False,False,False,False,False,,,,,,,,,,,,,,,https://www.westcliff.edu/academics/college-of-business/doctor-of-business-administration-dba/,,,,FALSE,False,,,,,,,,,,,,,,,,,,,,,False,False,,,,,,,,,,,,,,,,,,,,,,,,,,FALSE,,,FALSE,FALSE,,,
,Doctor of Philosophy in Linguistics,,,,,Doctoral,Fall 2026,,,,,,,,,,,False,False,False,False,False,False,,False,False,False,False,False,False,False,False,False,,,,,,,,,,,,,,,https://gradcatalog.ufl.edu/graduate/degrees/,,,,FALSE,False,,,,,,,,,,,,,,,,,,,,,False,False,,,,,,,,,,,,,,,,,,,,,,,,,,FALSE,,,FALSE,FALSE,,,
,Doctor of Philosophy in Materials Science and Engineering,,,,,Doctoral,Fall 2026,,,,,,,,,,,False,False,False,False,False,False,,False,False,False,False,False,False,False,False,False,,,,College of Technology & Engineering,,,,,,,,,,,https://www.westcliff.edu/academics/college-of-technology-engineering/doctor-of-information-technology-dit/,,,,FALSE,False,,4.0,3.0,,,,,,,,,,,,,,,,,,False,False,,,,,,,,,,,,,,,,,,,,,,,,,,FALSE,,,FALSE,FALSE,,,
,Doctor of Philosophy in Mathematics,,,,,Doctoral,Fall 2026,,,,,,,,,,,True,False,False,False,False,False,,False,False,False,False,False,False,False,False,False,,,,,,,,,,,,,,,https://www.youtube.com/watch?v=K_1hS4-5VNI,,,,FALSE,False,,,,,,,,,,,,,,,,,,,,,False,False,,,,,,,,,,,,,,,,,,,,,,,,,,FALSE,,,FALSE,FALSE,,,
,Doctor of Philosophy in Mechanical Engineering,,,,,Doctoral,Fall 2026,,,,,,,,,,,False,False,False,False,False,False,,False,False,False,False,False,False,False,False,False,,,,,,,,,,,,,,,https://gradcatalog.ufl.edu/graduate/degrees/,,,,FALSE,False,,,,,,,,,,,,,,,,,,,,,False,False,,,,,,,,,,,,,,,,,,,,,,,,,,FALSE,,,FALSE,FALSE,,,
,Doctor of Philosophy in Medical Sciences,,,,,Doctoral,Fall 2026,,,,,,,,,,,False,False,False,False,False,False,,False,False,False,False,False,False,False,False,False,,,,,,,,,,,,,,,https://www.westcliff.edu/academics/college-of-business/doctor-of-business-administration-dba/,,,,FALSE,False,,,,,,,,,,,,,,,,,,,,,False,False,,,,,,,,,,,,,,,,,,,,,,,,,,FALSE,,,FALSE,FALSE,,,
,Doctor of Philosophy in Microbiology and Cell Science,,,,,Doctoral,Fall 2026,,,,,,,REQUIRED,,,,False,False,True,True,False,False,,True,False,False,False,False,True,False,False,False,,,,,,,,,,,,,,,https://www.westcliff.edu/academics/college-of-business/doctor-of-business-administration-dba/,,,,FALSE,False,,,,,,,,,,,,,,,,,,,,,False,False,,,105.0,REAL 400,,,6.0,,,,,79.0,,,,,,,,,,,,,,FALSE,,,FALSE,FALSE,,,
,Doctor of Philosophy in Nuclear Engineering Sciences,,,,,Doctoral,Fall 2026,,,,,,,,"Information regarding the 'Doctor of Philosophy in Nuclear Engineering Sciences' program is not available on the official Westcliff University website (www.westcliff.edu). The search results indicate this program is offered by other institutions, but not Westcliff University.",,,False,False,False,False,False,False,,False,False,False,False,False,False,False,False,False,,,,,,,,,,,,,,,https://www.westcliff.edu/academics/college-of-technology-engineering/,,,,FALSE,False,,,,,,,,,,,,,,,,,,,,,False,False,,,,,,,,,,,,,,,,,,,,,,,,,,FALSE,,,FALSE,FALSE,,,
,"Doctor of Philosophy in Nursing Science, Education, and Practice",,,,,Doctoral,Fall 2026,,,,,,,,"Applicants must submit a completed application form, along with official transcripts from all previous institutions. [23] For international students, proof of English language proficiency is required, which can be demonstrated through tests like IELTS or TOEFL. [23]",,,True,False,False,False,False,False,,False,False,False,False,False,False,False,False,False,,,,,,,,,,,,,,,https://gradcatalog.ufl.edu/graduate/degrees/,,,,FALSE,False,,,,,,,,,,,,,,,,,,,,,False,False,,,,,,,,,,,,,,,,,,,,,,,,,,FALSE,,,FALSE,FALSE,,,
,Doctor of Philosophy in Pharmaceutical Sciences,,,,,Doctoral,Fall 2026,,,,,,,,,,,False,False,False,False,False,False,,False,False,False,False,False,False,False,False,False,,,,,,,,,,,,,,,https://gradcatalog.ufl.edu/graduate/degrees/,,,,FALSE,False,,,,,,,,,,,,,,,,,,,,,False,False,,,,,,,,,,,,,,,,,,,,,,,,,,FALSE,,,FALSE,FALSE,,,
,Doctor of Philosophy in Pharmacy,,,,,Doctoral,Fall 2026,,,,,,Not Required,REQUIRED,,,,False,False,True,False,False,False,,True,False,False,False,False,True,False,False,False,,,,,,,,,,,,,,,https://gradcatalog.ufl.edu/graduate/degrees/,,,,FALSE,False,,,,,,,,,,,,,,,,,,,,,False,False,,,105.0,,,,6.0,,,,,79.0,,,,,,,,,,,,,,FALSE,,,FALSE,FALSE,,,
,Doctor of Philosophy in Physics,,,,,Doctoral,Fall 2026,,,,,,Not Required,REQUIRED,,,,False,False,True,False,False,False,,True,False,False,False,True,True,False,False,False,,,,,,,,,,,,,,,https://gradcatalog.ufl.edu/graduate/degrees/,,,,FALSE,False,,,,,,,,,,,,,,,,,,,,,False,False,,,105.0,,,,6.0,,,58.0,,79.0,,,,,,,,,,,,,,FALSE,,,FALSE,FALSE,,,
,Doctor of Philosophy in Plant Molecular and Cellular Biology,,,,,Doctoral,Fall 2026,,,,,,,,"The requested program, 'Doctor of Philosophy in Plant Molecular and Cellular Biology', could not be found on the Westcliff University website. The provided URL directs to the 'Doctor of Data Science' program. Therefore, no specific application requirements for the requested program could be retrieved from the official university website.",,,True,False,False,False,False,False,,False,False,False,False,False,False,False,False,False,,,,,,,,,,,,,,,https://www.westcliff.edu/academics/college-of-technology-engineering/doctor-of-data-science-ddsci/,,,,FALSE,False,,,,,,,,,,,,,,,,,,,,,False,False,,,,,,,,,,,,,,,,,,,,,,,,,,FALSE,,,FALSE,FALSE,,,
,Doctor of Philosophy in Plant Pathology,,,,,Doctoral,Fall 2026,,,,,,,,,,,False,False,False,False,False,False,,False,False,False,False,False,False,False,False,False,,,,,,,,,,,,,,,https://www.westcliff.edu/academics/,,,,FALSE,False,,,,,,,,,,,,,,,,,,,,,False,False,,,,,,,,,,,,,,,,,,,,,,,,,,FALSE,,,FALSE,FALSE,,,
,Doctor of Philosophy in Political Science,,,,,Doctoral,Fall 2026,,,,,,,,,,,False,False,False,False,False,False,,False,False,False,False,False,False,False,False,False,,,,,,,,,,,,,,,https://www.westcliff.edu/academics/college-of-education/,,,,FALSE,False,,,,,,,,,,,,,,,,,,,,,False,False,,,,,,,,,,,,,,,,,,,,,,,,,,FALSE,,,FALSE,FALSE,,,
,Doctor of Philosophy in Psychology,,,,,Doctoral,Fall 2026,,,,,,,,,,,True,False,False,False,False,False,,False,False,False,False,False,False,False,False,False,,,,,,,,,,,,,,,https://gradcatalog.ufl.edu/graduate/degrees/,,,,FALSE,False,,,,,,,,,,,,,,,,,,,,,False,False,,,,,,,,,,,,,,,,,,,,,,,,,,FALSE,,,FALSE,FALSE,,,
,Doctor of Philosophy in Public Health,,,,,Doctoral,Fall 2026,,,,,,Not Required,REQUIRED,,,,True,False,True,False,False,False,,True,False,False,False,True,True,False,False,False,,,,,,,,,,,,,,,https://www.westcliff.edu/academics/college-of-business/doctor-of-business-administration-dba/,,,,FALSE,False,,,,,,,,,,,,,,,,,,,,,False,False,,,105.0,,,,6.0,,,58.0,,79.0,,,,,,,,,,,,,,FALSE,,,FALSE,FALSE,,,
,Doctor of Philosophy in Rehabilitation Science,,,,,Doctoral,Fall 2026,,,,,,,,,,,False,False,False,False,False,False,,False,False,False,False,False,False,False,False,False,,,,,,,,,,,,,,,https://www.phdportal.com/articles/3339/what-is-phd-doctor-of-philosophy.html,,,,FALSE,False,,,,,,,,,,,,,,,,,,,,,False,False,,,,,,,,,,,,,,,,,,,,,,,,,,FALSE,,,FALSE,FALSE,,,
,Doctor of Philosophy in Research and Evaluation Methodology,,,,,Doctoral,Fall 2026,,,,Required,Required,Optional,,"To be considered for admission to the Doctor of Education (EdD) program, applicants must submit an online application and the required application fee. A master's degree from an accredited institution is necessary, along with official transcripts from all post-secondary institutions attended. Applicants must also provide a copy of a government-issued photo ID.",,,True,False,False,False,False,False,,False,False,False,False,False,False,False,False,False,,,,,,,,,,,,,,,https://www.westcliff.edu/academics/college-of-education/doctorate-of-education-edd/,,,,FALSE,False,,,,,,,,,,,,,,,,,,,,,False,False,,,,,,,,,,,,,,,,,,,,,,,,,,FALSE,,,FALSE,FALSE,,,
,Doctor of Philosophy in Romance Languages and Literatures,,,,,Doctoral,Fall 2026,,,,,,,NOT REQUIRED,,,,False,False,False,False,False,False,,False,False,False,False,False,False,False,False,False,,,,,,,,,,,,,,,https://www.westcliff.edu/academics/,,,,FALSE,False,,,,,,,,,,,,,,,,,,,,,False,False,,,,,,,,,,,,,,,,,,,,,,,,,,FALSE,,,FALSE,FALSE,,,
,Doctor of Philosophy in School Psychology,,,,,Doctoral,Fall 2026,,,,,,Not Required,REQUIRED,,,,True,False,True,False,False,False,,True,False,False,False,True,True,False,False,False,,,,,,,,,,,,,,,https://gradcatalog.ufl.edu/graduate/degrees/,,,,FALSE,False,,,,,,,,,,,,,,,,,,,,,False,False,,,105.0,,,,6.0,,,58.0,,79.0,,,,,,,,,,,,,,FALSE,,,FALSE,FALSE,,,
,Doctor of Philosophy in Sociology,,,,,Doctoral,Fall 2026,,,,,,,,,,,False,False,False,False,False,False,,False,False,False,False,False,False,False,False,False,,,,,,,,,,,,,,,https://gradcatalog.ufl.edu/graduate/degrees/,,,,FALSE,False,,,,,,,,,,,,,,,,,,,,,False,False,,,,,,,,,,,,,,,,,,,,,,,,,,FALSE,,,FALSE,FALSE,,,
,"Doctor of Philosophy in Soil, Water, and Ecosystem Sciences",,,,,Doctoral,Fall 2026,,,,,,,,,,,False,False,False,False,False,False,,False,False,False,False,False,False,False,False,False,,,,,,,,,,,,,,,https://gradcatalog.ufl.edu/graduate/degrees/,,,,FALSE,False,,,,,,,,,,,,,,,,,,,,,False,False,,,,,,,,,,,,,,,,,,,,,,,,,,FALSE,,,FALSE,FALSE,,,
,Doctor of Philosophy in Special Education,,,,,Doctoral,Fall 2026,,,,,,,,,,,False,False,False,False,False,False,,False,False,False,False,False,False,False,False,False,,,,,,,,,,,,,,,https://gradcatalog.ufl.edu/graduate/degrees/,,,,FALSE,False,,,,,,,,,,,,,,,,,,,,,False,False,,,,,,,,,,,,,,,,,,,,,,,,,,FALSE,,,FALSE,FALSE,,,
,Doctor of Philosophy in Statistics,,,,,Doctoral,Fall 2026,,,,Required,Required,,,"To apply for admission to a graduate program at Westcliff University, prospective students must complete the online application, which includes submission of a professional resume and a personal statement.",,,True,False,False,False,False,False,,False,False,False,False,False,False,False,False,False,,,,,,,,,,,,,,,https://gradcatalog.ufl.edu/graduate/degrees/,,,,FALSE,False,,,,,,,,,,,,,,,,,,,,,False,False,,,,,,,,,,,,,,,,,,,,,,,,,,FALSE,,,FALSE,FALSE,,,
,Doctor of Philosophy in Veterinary Medical Sciences,,,,,Doctoral,Fall 2026,,,,,,,NOT REQUIRED,,,,False,False,False,False,False,False,,False,False,False,False,False,False,False,True,False,,,,,,,,,,,,,,,https://www.niche.com/graduate-schools/westcliff-university/programs/?degreeType=doctoral,,,,FALSE,False,,,,,,,,,,,,,,,,,,,,,False,False,,,,,,,,,,,,,,,,,,,,,,,,,,FALSE,,,FALSE,FALSE,,,
,Doctor of Philosophy in Wildlife Ecology and Conservation,,,,,Doctoral,Fall 2026,,,,,,,,,,,False,False,False,False,False,False,,False,False,False,False,False,False,False,False,False,,,,,,,,,,,,,,,https://gradcatalog.ufl.edu/graduate/degrees/,,,,FALSE,False,,,,,,,,,,,,,,,,,,,,,False,False,,,,,,,,,,,,,,,,,,,,,,,,,,FALSE,,,FALSE,FALSE,,,
,Doctor of Philosophy in Zoology,,,,,Doctoral,Fall 2026,,,,,,Optional,REQUIRED,,,,False,False,True,False,False,False,,True,False,False,False,True,True,False,False,False,,,,,,,,,,,,,,,https://www.phdportal.com/universities/19570/westcliff-university.html,,,,FALSE,False,,,,,,,,,,,,,,,,,,,,,False,False,,,105.0,,,,6.0,,,58.0,,80.0,,,,,,,,,,,,,,FALSE,,,FALSE,FALSE,,,
,Doctor of Audiology,,,,,Doctoral,Fall 2026,,,,,,,,,,,False,False,False,False,False,False,,False,False,False,False,False,False,False,False,False,,,,,,,,,,,,,,,https://www.westcliff.edu/academics/,,,,FALSE,False,,,,,,,,,,,,,,,,,,,,,False,False,,,,,,,,,,,,,,,,,,,,,,,,,,FALSE,,,FALSE,FALSE,,,
,Doctor of Dental Medicine,,,,,Doctoral,Fall 2026,,,,,,,REQUIRED,,,,False,False,True,False,False,False,,True,False,False,False,True,True,False,False,False,,,,,,,,,,,,,,,https://www.westcliff.edu/academics/,,,,FALSE,False,,,,,,,,,,,,,,,,,,,,,False,False,,,105.0,,,,6.0,,,58.0,,80.0,,,,,,,,,,,,,,FALSE,,,FALSE,FALSE,,,
,Doctor of Law,,,,,Doctoral,Fall 2026,,,,,,,,,,,False,False,False,False,False,False,,False,False,False,False,False,False,False,False,False,,,,College of Law,,,,,,,,"['Business Law', 'Criminal Law', 'Family Law', 'Immigration Law', 'Real Estate Law']","The Juris Doctor (JD) program at Westcliff University's Western State College of Law requires a minimum of 87 units. [4] The mission is to provide the highest quality legal education through an innovative program designed to develop careful legal analysis and a broad understanding of law, practice, and legal theory. [2] It emphasizes the skills needed for ethical and professional practice, particularly for those aiming to work in small to medium law offices, corporate legal departments, and public service. [2] The curriculum includes required core courses, recommended courses, and electives, and can be completed in as little as three years of full-time study or four years of part-time study. [4]",,https://gradcatalog.ufl.edu/graduate/degrees/,"The Western State College of Law is approved by the American Bar Association (ABA). [10] The parent institution, Westcliff University, is regionally accredited by the WASC Senior College and University Commission (WSCUC). [3, 6]",,,FALSE,False,,,,,,,,,,,,,,,,,,,,,False,False,,,,,,,,,,,,,,,,,,,,,,,,,,FALSE,,,FALSE,FALSE,,,
,Doctor of Medicine,,,,,Doctoral,Fall 2026,,,,,,,,,,,False,False,False,False,False,False,,False,False,False,False,False,False,False,False,False,,,,,,,,,,,,,,,https://www.westcliff.edu/academics/,,,,FALSE,False,,,,,,,,,,,,,,,,,,,,,False,False,,,,,,,,,,,,,,,,,,,,,,,,,,FALSE,,,FALSE,FALSE,,,
,Doctor of Nursing Practice,,,,,Doctoral,Fall 2026,,,,,,,,,,,True,False,False,False,False,False,,False,False,False,False,False,False,False,False,False,,,,,,,,,,,,,,,https://frontier.edu/doctor-of-nursing-practice/,,,,FALSE,False,,,,,,,,,,,,,,,,,,,,,False,False,,,,,,,,,,,,,,,,,,,,,,,,,,FALSE,,,FALSE,FALSE,,,
,Doctor of Occupational Therapy,,,,,Doctoral,Fall 2026,,,,,,,,,,,False,False,False,False,False,False,,False,False,False,False,False,False,False,False,False,,,,,,,,,,,,,,,https://gradcatalog.ufl.edu/graduate/degrees/,,,,FALSE,False,,,,,,,,,,,,,,,,,,,,,False,False,,,,,,,,,,,,,,,,,,,,,,,,,,FALSE,,,FALSE,FALSE,,,
,Doctor of Pharmacy,,,,,Doctoral,Fall 2026,,,,,,,,,,,False,False,,,,,,,,,,,,,,,,,,,,,,,,,,,,,https://www.westcliff.edu/academics/,,,,FALSE,False,,,,,,,,,,,,,,,,,,,,,False,False,,,,,,,,,,,,,,,,,,,,,,,,,,FALSE,,,FALSE,FALSE,,,
,Doctor of Physical Therapy,,,,,Doctoral,Fall 2026,,,,,,,,A 'Doctor of Physical Therapy' program was not found on the official Westcliff University website. The provided URL (https://www.westcliff.edu/academics/college-of-business/doctor-of-business-administration-dba/) is for the 'Doctor of Business Administration' program.,,,False,False,False,False,False,False,,False,False,False,False,False,False,False,False,False,,,,,,,,,,,,,,,https://www.westcliff.edu/academics/college-of-business/doctor-of-business-administration-dba/,,,,FALSE,False,,,,,,,,,,,,,,,,,,,,,False,False,,,,,,,,,,,,,,,,,,,,,,,,,,FALSE,,,FALSE,FALSE,,,
,Doctor of Veterinary Medicine,,,,,Doctoral,Fall 2026,,,,,,,,,,,False,False,False,False,False,False,,False,False,False,False,False,False,False,False,False,,,,,,,,,,,,,,,https://www.westcliff.edu/,,,,FALSE,False,,,,,,,,,,,,,,,,,,,,,False,False,,,,,,,,,,,,,,,,,,,,,,,,,,FALSE,,,FALSE,FALSE,,,
,Certificate in AI Fundamentals and Applications,,,,,Graduate-Certificate,Fall 2026,,,,,,,,,,,False,False,False,False,False,False,,False,False,False,False,False,False,False,False,False,,,,,,,,,,,,,,,https://gradcatalog.ufl.edu/graduate/degrees/,,,,FALSE,False,,,,,,,,,,,,,,,,,,,,,False,False,,,,,,,,,,,,,,,,,,,,,,,,,,FALSE,,,FALSE,FALSE,,,
,"Certificate in Artificial Intelligence and Data Analytics in Tourism, Hospitality and Event Management",,,,,Graduate-Certificate,Fall 2026,,,,,,Not Required,,,,,True,False,False,False,False,False,,False,False,False,False,False,False,False,False,False,,,,,,,,,,,,,,,https://www.westcliff.edu/academics/college-of-technology-engineering/graduate-certificate-in-data-analytics/,Westcliff University is institutionally accredited by the WASC Senior College and University Commission (WSCUC). All degrees and certificates awarded by Westcliff University are offered under this institutional accreditation. [2],,,FALSE,True,,,,,,,,,,,,,,,,,,,,,False,False,,,,,,,,,,,,,,,,,,,,,,,,,,FALSE,,,FALSE,FALSE,,,
,Certificate in Creative Advertising,,,,,Graduate-Certificate,Fall 2026,,,,,,,,,,,False,False,,,,,,,,,,,,,,,,,,,,,,,,,,,,,https://gradcatalog.ufl.edu/graduate/degrees/,,,,FALSE,False,,,,,,,,,,,,,,,,,,,,,False,False,,,,,,,,,,,,,,,,,,,,,,,,,,FALSE,,,FALSE,FALSE,,,
,Bachelor of Science in Information Technology,,,,,Undergraduate,Fall 2026,,,,,,Not Required,Required,,,,False,False,True,False,False,False,,True,False,False,False,True,True,False,False,False,,,,College of Technology & Engineering,63600,,,,,,,,"The Bachelor of Science in Information Technology (BSIT) program offered by Westcliff University is an interdisciplinary program from a holistic perspective, with an emphasis on Information Technology. The program is designed to provide pathways for students who want to pursue careers in the growing field of Information Technology. The program focuses on addressing business challenges in the 21st century globalized economy by solving complex business problems and creating new opportunities with technology. The students pursuing this program will gain the necessary skills to solve challenges through data analysis and the use of Information Technologies. The objective of Westcliff University's BSIT program is to provide graduates with the technical acumen needed to solve business problems and innovate in order to remain competitive.",,https://www.westcliff.edu/academics/college-of-technology-engineering/,Westcliff University is accredited by the WASC Senior College and University Commission (WSCUC).,,530,FALSE,False,,4.0,2.0,,,,,,,,,,,,,,,,,,False,False,,,95.0,,,,5.5,,,50.0,,60.0,,,,,,,,,,,,,Merit-based,FALSE,,,FALSE,FALSE,,,False
,Bachelor of Science in Information Technology with a concentration in Cybersecurity,,,,,Undergraduate,Fall 2026,,,,Not Required,Not Required,Not Required,Required,Applicants for the Bachelor of Science in Information Technology (BSIT) program must hold a high school diploma or its equivalent.,Not Required,,True,False,True,,False,False,,True,False,False,False,True,True,False,False,False,,,,College of Technology & Engineering,Tuition and fee charges are subject to change at the school's discretion and become effective at the beginning of the academic year during the Fall semester. [42],,,,,,,,"The Bachelor of Science in Information Technology (BSIT) program offered by Westcliff University is an interdisciplinary program taught from a holistic perspective, with an emphasis on information technology. The program is designed to provide pathways for students who want to pursue careers in the growing field of Information Technology. The students pursuing this program will gain the necessary skills to solve challenges through data analysis and the use of Information Technology. The mission of the Bachelor of Science in Information Technology program is to teach students core foundational aspects of information technology that will prepare graduates to be successful in a variety of information technology-related professions. The program empowers graduates with the technical acumen required to solve business problems through the use of information technology. Students also learn how to innovate by exploring new and emerging technologies.",,https://www.westcliff.edu/academics/college-of-technology-engineering/,"Westcliff University is institutionally accredited by the WASC Senior College and University Commission (WSCUC), a recognized accrediting agency of the U.S. Department of Education. As an accredited institution, all degrees and certificates awarded by Westcliff University are offered under this institutional accreditation. [7]",,,FALSE,True,,4.0,2.0,,,,,,,,,,,,,,,,,,False,False,,,105.0,,,,6.0,,,58.0,,79.0,,,,,,,,,,,"$10,000",,STEM Scholarships,FALSE,,,FALSE,FALSE,,,False
,Bachelor of Science in Information Technology with a concentration in Cloud Computing,,,,,Undergraduate,Fall 2026,,,,Required,Required,,,"General undergraduate admission requirements include a completed application form, a copy of a high school diploma or equivalent, transcripts from all educational institutions attended, a copy of a resume or curriculum vitae, and a Statement of Purpose. For graduate admissions, requirements include a completed application form, transcripts showing the completion of a bachelor's degree, a copy of a resume or curriculum vitae, and a Statement of Purpose.",,,True,False,False,False,False,False,,False,False,False,False,False,False,False,False,False,,,,College of Technology & Engineering,,,,,,,,Cloud Computing,"The Bachelor of Science in Information Technology (BSIT) program offered by Westcliff University is an interdisciplinary program with an emphasis on IT which focuses on addressing business challenges in the 21st century globalized economy by solving complex business problems and creating new opportunities with technology. The students pursuing this program will gain the necessary skills to solve challenges through data analysis and the use of Information Technologies. The objective of Westcliff University's Bachelor of Science in Information Technology program is to provide graduates with the technical acumen needed to solve business problems and innovate in order to remain competitive. 

The Coud Coud - Coud Coud program is designed to provide students with a foundation in cloud computing technologies for business. This program is ideal for professionals who are interested in the field of cloud computing and who may have experience but do not have formal training. Students will learn technologies, processes, and management of systems including virtualization and storage, APIs and scripting, AWS and Azure, cloud security and disaster recovery, and strategic cloud implementation concepts for business applications.",,https://www.westcliff.edu/academics/college-of-technology-engineering/,"Westcliff University is institutionally accredited by the WASC Senior College and University Commission (WSCUC), a recognized accrediting agency of the U.S. Department of Education. As an accredited institution, all degrees and certificates awarded by Westcliff University are offered under this institutional accreditation. [2]",,,FALSE,False,,,,,,,,,,,,,,,,,,,,,False,False,,,,,,,,,,,,,,,,,,,,,,,,,Westcliff University Scholarship Program,FALSE,,,FALSE,FALSE,,,False
,Bachelor of Science in Information Technology with a concentration in IT Project Management,,,,,Undergraduate,Fall 2026,,,,Not Required,Not Required,Not Required,Required,"For acceptance into the Bachelor of Science in Information Technology degree program, applicants must satisfy English Proficiency and one (1) of the additional criteria: For students who obtained their credentials outside the United States from a non-English-speaking country, proof of English proficiency will be requested. ... Approval from the Admissions Committee following a review of factors considered essential for academic success, including previous academic progress, non-academic achievements, and any additional information requested by the Committee as they relate to standards set by the University's governing bodies. [13]",Not Required,,True,False,False,False,False,False,,False,False,False,False,False,False,False,False,False,,,,College of Technology & Engineering,,,,,,,,IT Project Management (ITPM),"The Bachelor of Science in Information Technology (BSIT) program offered by Westcliff University is an interdisciplinary program with an emphasis on IT...The mission of the Bachelor of Science in Information Technology program is to teach students core foundational aspects of information technology that will prepare graduates to be successful in a variety of information technology-related professions. The program empowers graduates with the technical acumen required to solve business problems through the use of information technology. Students also learn how to innovate by exploring new and emerging technologies... The program focuses on addressing business challenges in the 21st century globalized economy by solving complex business problems and creating new opportunities with technology. The students pursuing this program will gain the necessary skills to solve challenges through data analysis and the use of Information Technologies. The objective of Westcliff University's Bachelor of Science in Information Technology program is to provide graduates with the technical acumen needed to solve business problems and innovate in order to remain competitive...The Bachelor of Science in Information Technology encourages students to achieve the following educational outcomes:
- Apply appropriate IT tools and technologies to solve real-world technical problems.
- Design user-centered digital interfaces by integrating principles of usability, accessibility, and user experience.
- Configure hardware, software, and network infrastructures to support secure, scalable, and efficient operations.
- Apply advanced data analysis techniques to drive strategic organizational decision-making.",,https://www.westcliff.edu/academics/college-of-technology-engineering/,,,,FALSE,False,,4.0,,,,,,,,,,,,,,,,,,,False,False,,,95.0,,,,5.5,,,,,60.0,,,,,,,,,,,,,,FALSE,,,FALSE,FALSE,,,False
,Bachelor of Science in Information Technology with a concentration in Data Analytics,,,,,Undergraduate,Fall 2026,,,,,,Not Required,Required,,,,True,False,True,False,False,False,,True,False,False,False,True,True,False,False,False,,,,College of Technology & Engineering,,,,,,,,,"The Bachelor of Science in Information technology (BSIT) program offered by Westcliff University Is an interdisciplinary program from a holistic perspective, with an emphasis on information technology. The program is designed to provide pathways for students who want to pursue careers in the growing field of Information Technology. The program focuses on addressing business challenges in the 21st century globalized economy by solving complex business problems and creating new opportunities with technology. The students pursuing this program will gain the necessary skills to solve challenges through data analysis and the use of Information Technologies. The objective of Westcliff University's BSIT program is to provide graduates with the technical acumen needed to solve business problems and innovate in order to remain competitive. [16]",,https://www.westcliff.edu/academics/college-of-technology-engineering/,,,,FALSE,False,,,,,,,,,,,,,,,,,,,,,False,False,,,,,,,,,,,,,,,,,,,,,,,,,,FALSE,,,FALSE,FALSE,,,False
,Bachelor of Science in Information Technology with a concentration in Web Development,,,,,Undergraduate,Fall 2026,,,,,,Not Required,Required,,,,False,False,False,False,False,False,,True,False,False,False,False,True,False,False,False,,,,College of Technology & Engineering,"$21,900 USD / year",,,,,,,Web Development,"The Bachelor of Science in Information Technology with a concentration in Web Development bridges a path for students who want to pursue careers in the growing and exciting field of web development. The program focuses on creating dynamic and interactive experiences through a rigorous full stack coding curriculum. Students pursuing this program will gain the necessary skills for front-end and back-end development, all while preparing them for success in the professional world. [13, 15]",,https://www.westcliff.edu/academics/college-of-technology-engineering/,,11916.0,730 USD/credit,FALSE,False,,,2.0,,,,,,,,,,,,,,,,,,False,False,,,95.0,,,,5.5,,,,,60.0,,,,,,,,,,,"Up to $10,000 for STEM students.",,Merit-based,FALSE,,,FALSE,FALSE,,,False
,Bachelor of Science in Computer Science,,,,,Undergraduate,Fall 2026,,,,,,Not Required,Required,,,,True,False,False,False,False,False,,False,False,False,False,False,False,False,False,False,,,,College of Technology & Engineering,,,,,,,,,"Westcliff University's College of Technology & Engineering (COTE) offers undergraduate and graduate-level programs and certificates in the fields of Science, Technology, Engineering, and Mathematics (STEM), computer and advanced technologies. The COTE innovative curriculum is designed and taught by highly credentialed and experienced faculty that possess relevant, pragmatic, and industry-validated knowledge. The COTE prepares graduates to become the digital architects of the globalized 21st-century economy. [18] Westcliff University's COTE offers a STEM-based curriculum with a focus on computer science, information technology, engineering, and emerging technologies. [18] The COTE operates under the auspices of the university's accrediting bodies, and the institution's learning outcomes. [18] The COTE is headed by the Dean, Dr. Tony R. Lyons. [18]",,https://www.westcliff.edu/academics/college-of-technology-engineering/,"The COTE operates under the auspices of the university's accrediting bodies, and the institution's learning outcomes. [18]",,,FALSE,False,,,,,,,,,,,,,,,,,,,,,False,False,,,95.0,,,,5.5,,,,,60.0,,,,,,,,,,,,,,FALSE,,,FALSE,FALSE,,,False
,Bachelor of Science in Computer Science with a concentration in Cybersecurity,,,,,Undergraduate,Fall 2026,,,,,,,,"The Bachelor of Science in Computer Science (BSCS) degree program requires 120 credit hours, including 45 credit hours of Core Information Technology courses, 15 credit hours of Concentration courses, 15 credit hours of Elective courses, 30 credit hours of Integrative Studies (General Education) courses, six (6) credit hours of Core Business courses, six (6) credit hours of Internship courses, and a three (3) credit-hour Capstone course. [7]",Not Required,,True,False,False,False,False,False,,False,False,False,False,False,False,False,False,False,,,,College of Technology & Engineering,,,,,,,,Cybersecurity,"The Bachelor of Science in Computer Science (BSCS) degree program offered by Westcliff University is an interdisciplinary program from a holistic perspective. [10] It encourages students to apply computing frameworks and programming to solve technical challenges, design user-centered interfaces, understand system configuration management, use computational and data analysis for problem-solving, and evaluate the ethical and societal impacts of technology. [10]",,https://www.westcliff.edu/academics/college-of-technology-engineering/,"Westcliff University is institutionally accredited by the WASC Senior College and University Commission (WSCUC), a recognized accrediting agency of the U.S. Department of Education. All degrees and certificates awarded by Westcliff University are offered under this institutional accreditation. [2]",,,FALSE,True,,,,,,,,,,,,,,,,,,,,,False,False,,,,,,,,,,,,,,,,,,,,,,,,,,FALSE,,,FALSE,FALSE,,,False
,Bachelor of Science in Computer Science with a concentration in Data Science,,,,,Undergraduate,Fall 2026,,,,Not Required,Not Required,Not Required,Required,Applicants for the Bachelor of Science in Computer Science (BSCS) program must have a high school diploma or its equivalent.,Not Required,,True,False,True,False,False,False,,True,False,False,False,False,True,False,False,False,,,,,,,,,,,,,,,https://www.westcliff.edu/academics/college-of-technology-engineering/,,,,FALSE,True,,,,,,,,,,,,,,,,,,,,,False,False,,,105.0,,,,6.0,,,,,79.0,,,,,,,,,,,,,,FALSE,,,FALSE,FALSE,,,False
,Bachelor of Science in Computer Science with a concentration in Artificial Intelligence,,,,,Undergraduate,Fall 2026,,,,,,Not Required,Required,,,,False,False,True,False,False,False,,True,False,False,False,False,True,False,False,False,,,,College of Technology & Engineering,,,,,,,,Artificial Intelligence Systems,"The Artificial Intelligence Systems concentration within the Undergraduate Computer Science program provides comprehensive coverage of the AI field, blending theoretical knowledge with practical skills. This program equips students to design, implement, analyze, and deploy intelligent systems by focusing on the core principles and techniques of AI. The concentration explores current technologies, techniques, and tools for developing AI solutions across various application domains, while fostering a critical understanding of the importance of explainability in AI systems and their societal impact.",,https://www.westcliff.edu/academics/college-of-technology-engineering/,,,,FALSE,False,,,,,,,,,,,,,,,,,,,,,False,False,,,95.0,,,,5.5,,,,,60.0,,,,,,,,,,,,,,FALSE,,,FALSE,FALSE,,,False
,Bachelor of Science in Computer Science with a concentration in Web & Software Application Development,,,,,Undergraduate,Fall 2026,,,,Not Required,Not Required,Not Required,Required,"All applicants for the Bachelor of Science in Computer Science program are required to submit an online application and transcripts from a previously attended regionally or nationally accredited institution. For the undergraduate program, a high school transcript or its equivalent (such as GED, TASC, HiSET, or an associate's degree) is necessary. A minimum cumulative GPA of 2.0 is required. [6, 11, 18]",Not Required,,True,False,True,False,False,False,,True,False,False,False,False,True,False,False,False,,,,College of Technology & Engineering,,,,,,,,,,,https://www.westcliff.edu/academics/college-of-technology-engineering/,,,,FALSE,True,,,,,,,,,,,,,,,,,,,,,False,False,,,95.0,,,,5.5,,,,,60.0,,,,,,,,,,,"$10,000 for STEM Scholarship and Harris-Cooper Women in STEM Scholarship; Up to $2,500 for GLIDE Scholarship. [7, 13]",,"STEM Scholarships, GLIDE – Global Leaders in Development & Excellence, Harris-Cooper Women in STEM Scholarship, and scholarships for veterans. [7, 13, 14]",FALSE,,,FALSE,FALSE,,,False
,Bachelor of Science in Cybersecurity,,,,,Undergraduate,Fall 2026,,,,,,Not Required,Required,,,,False,False,False,False,False,False,,True,False,False,False,True,True,False,False,False,,,,College of Technology & Engineering,,,,,,,,,,,https://www.westcliff.edu/academics/college-of-technology-engineering/,,,,FALSE,False,,,2.0,,,,,,,,,,,,,,,,,,False,False,,,95.0,,,,5.5,,,50.0,,60.0,,,,,,,,,,,,,,FALSE,,,FALSE,FALSE,,,False
,Bachelor of Science in AI and Machine Learning,,,,,Undergraduate,Fall 2026,,,,Not Required,Not Required,Not Required,Required,"For acceptance into the BS in AI and Machine Learning degree program, applicants must satisfy English Proficiency and one (1) of the additional criteria: High school diploma from a university-recognized high school with a minimum 2.0 cumulative GPA or university-recognized high school equivalency such as GED, TASC, or HiSET; High school diploma plus a previously earned Associate-level or higher degree from a nationally, regionally, or government-accredited college or university; High school diploma plus twenty-four (24) college-level credits (does not include remedial credits) from a nationally, regionally, or government-accredited college or university earned with a minimum 2.0 cumulative GPA; Approval from the Admissions Committee following a review of factors considered essential for academic success, including previous academic progress, non-academic achievements, and any additional information requested by the Committee as they relate to standards set by the University's governing bodies. [1, 2]",Not Required,,True,False,False,False,False,False,,True,False,False,False,False,False,False,False,False,,,,College of Technology & Engineering,,,,,,,,"['The Bachelor of Science in AI and Machine Learning program requires 120 credit hours, including 36 credit hours of Concentration and Elective courses.']","The Bachelor of Science in AI and Machine Learning program integrates fundamental Information Technology (IT) skills with specialized training in Artificial Intelligence (AI), equipping students to construct intelligent systems and address real-world challenges. Students develop a robust foundation in programming, data structures, databases, and networks, in addition to advanced subjects like machine learning, computer vision, and natural language processing. Graduates are prepared for IT and AI-focused positions in various sectors, including healthcare, finance, automation, and software development. The program's objective is to cultivate forward-thinking innovators capable of leveraging AI to enhance lives and redefine the future. It aims to produce skilled professionals with expertise in algorithmic design, data modeling, and intelligent automation, fostering analytical thinking, creativity, and ethical responsibility to meet the demands of an AI-driven world.",,https://www.westcliff.edu/academics/college-of-technology-engineering/,Westcliff University is regionally accredited by the WASC Senior College and University Commission (WSCUC) and holds global accreditation from the Accreditation Council for Business Schools and Programs (ACBSP). The College of Technology & Engineering (COTE) operates under the authority of these accrediting bodies.,,,FALSE,True,,,2.0,,,,,,,,,,,,,,,,,,False,False,,,95.0,,,,5.5,,,,,60.0,,,,,,,,,,,,,,FALSE,,,FALSE,FALSE,,,False
,Bachelor of Science in Data Analytics,,,,,Undergraduate,Fall 2026,,,,,,,,,,,True,True,False,False,False,False,,False,False,False,False,False,False,False,False,False,,,,College of Technology & Engineering,,,,,,,,,,,https://www.westcliff.edu/academics/college-of-technology-engineering/,,,,FALSE,False,,,,,,,,,,,,,,,,,,,,,False,False,,,,,,,,,,,,,,,,,,,,,,,,,,FALSE,,,FALSE,FALSE,,,False
,Coding Bootcamp Undergraduate Certificate,,,,,Undergraduate-Certificate,Fall 2026,,,,Optional,Optional,Not Required,Required,"All applicants are required to submit an online application and transcripts from a regionally or nationally accredited institution they have previously attended. For undergraduate programs, a high school transcript or its equivalent (such as a GED) with a minimum cumulative GPA of 2.0 is necessary. [2] Graduate program applicants must hold a bachelor's degree with a minimum cumulative GPA of 2.50. [2] For postgraduate programs, a master's degree with a minimum cumulative GPA of 2.50 is required. [2] Some programs may have additional requirements like a personal statement or letters of recommendation. [4]",,,True,False,False,False,False,False,,False,False,False,False,False,False,False,False,False,,,,College of Technology & Engineering,,,,,,,,Full Stack,"Prepare for an exciting career as a full stack web developer with a Full Stack Coding Bootcamp Certificate from Westcliff University. Students learn today's cutting-edge web development technologies taught by Westcliff's professors. The program offers a fully immersive live online learning experience where students will gain proficiency in front end and back end web development technologies including HTML5, CSS3, Javascript ES6, Git, Github, MongoDB, Express, ReactJS, NodeJS and more. The Full Stack Coding Bootcamp offered by Westcliff University is a multidimensional certificate program that bridges a path for students who want to pursue careers in the growing and exciting field of web development. The program focuses on creating dynamic and interactive experiences through a rigorous full stack coding curriculum. Students pursuing this program will gain the necessary skills for front-end and back-end development, all while preparing them for success in the professional world.",,https://www.westcliff.edu/academics/college-of-technology-engineering/,,,,FALSE,False,,,,,,,,,,,,,,,,,,,,,False,False,,,,,,,,,,,,,,,,,,,,,,,,,,FALSE,,,FALSE,FALSE,,,False
,Undergraduate Certificate in Information Technology (IT),,,,,Undergraduate-Certificate,Fall 2026,,,,,,Not Required,Required,,,,False,False,False,False,False,False,,False,False,False,False,False,False,False,False,False,,,,College of Technology & Engineering,,,,,,,,,"The Undergraduate Certificate in Information Technology (IT) provides students the opportunity to learn aspects of Information Technology as they apply to the modern application of IT that utilizes data management, cloud technology, networking and security, and business intelligence for the attainment of organizational goals. [1] Graduates from the IT certificate program will have a strong foundation in IT systems that will enable them to design, maintain, and continuously improve the efficacy of information systems that are aligned with strategic initiatives, and for the purpose of knowledge creation and the sustainability of competitive advantage. [1]",,https://www.westcliff.edu/academics/college-of-technology-engineering/,"Westcliff University is institutionally accredited by the WASC Senior College and University Commission (WSCUC), a recognized accrediting agency of the U.S. Department of Education. [2] As an accredited institution, all degrees and certificates awarded by Westcliff University are offered under this institutional accreditation. [2]",,,FALSE,False,,,,,,,,,,,,,,,,,,,,,False,False,,,95.0,,,,5.5,,,,,60.0,,,,,,,,,,,,,,FALSE,,,FALSE,FALSE,,,False
